,WoodDeckSF,OpenPorchSF,EnclosedPorch,3SsnPorch,ScreenPorch,PoolArea,PoolQC,Fence,MiscFeature,MiscVal,MoSold,YrSold,SaleType,SaleCondition,SalePrice,TotalOutdoorArea,YearsSinceSold
0,250,0,0,0,0,0,,,,0,6,2010,WD,Normal,145000,250,15
1,0,40,0,0,0,0,,,,0,5,2009,WD,Normal,178000,40,16
2,328,0,164,0,0,0,,MnPrv,,0,5,2008,WD,Normal,85000,492,17
3,0,0,264,0,0,0,,MnPrv,,0,6,2007,WD,Normal,175000,264,18
4,0,0,242,0,0,0,,,,0,5,2010,WD,Normal,127000,242,15
5,256,0,0,0,0,0,,GdWo,,0,7,2006,WD,Abnorml,149900,256,19
6,100,38,0,0,0,0,,,,0,3,2009,WD,Normal,174000,138,16
7,0,96,0,0,0,0,,MnPrv,,0,5,2010,WD,Normal,125500,96,15
8,276,0,0,0,0,0,,GdPrv,,0,6,2008,WD,Normal,175500,276,17
9,168,130,0,0,0,0,,,,0,6,2007,New,Partial,225000,298,18
10,0,0,252,0,0,0,,,,0,5,2007,WD,Normal,129000,252,18
11,0,0,0,0,0,0,,GdWo,,0,6,2006,WD,Normal,159950,0,19
12,0,0,0,0,0,0,,,,0,4,2009,COD,Abnorml,157000,0,16
13,0,42,0,0,189,0,,,,0,10,2009,WD,Normal,205000,231,16
14,0,0,0,0,0,0,,,,0,7,2006,COD,Normal,140000,0,19
15,120,46,0,0,0,0,,,,0,12,2009,ConLI,Normal,200000,166,16
16,166,120,192,0,0,0,,MnPrv,,0,10,2007,COD,Abnorml,217000,478,18
17,140,50,0,0,0,0,,MnPrv,,0,6,2008,WD,Normal,125000,190,17
18,252,0,0,0,0,0,,MnPrv,,0,7,2009,WD,Normal,159500,252,16
19,192,0,0,0,0,0,,,,0,11,2008,WD,Normal,184000,192,17
20,0,0,112,0,0,0,,MnPrv,,0,6,2007,WD,Normal,96500,112,18
21,0,0,0,0,0,0,,,,0,8,2009,WD,Normal,200000,0,16
22,0,0,0,0,0,0,,,,0,8,2006,WD,Family,149000,0,19
23,0,72,0,0,0,0,,,,0,7,2007,New,Partial,178900,72,18
24,0,41,0,0,0,0,,,,0,8,2009,WD,Normal,184900,41,16
25,0,54,0,0,0,0,,,,0,6,2007,New,Partial,164700,54,18
26,0,207,162,0,0,0,,,,0,5,2010,WD,Normal,335000,369,15
27,0,0,0,0,0,0,,,,0,5,2006,WD,Normal,87500,0,19
28,0,114,0,0,0,0,,,,0,9,2009,New,Partial,233170,114,16
29,0,65,0,0,0,0,,MnPrv,,0,6,2008,WD,Normal,149350,65,17
30,0,28,0,0,0,0,,,Othr,0,9,2009,WD,Normal,133000,28,16
31,0,0,96,0,0,0,,,,0,4,2008,WD,Normal,98000,96,17
32,384,131,0,0,0,0,,,,0,5,2006,WD,Normal,207500,515,19
33,120,78,0,0,0,0,,GdWo,,0,6,2009,WD,Normal,150000,198,16
34,120,0,0,0,0,0,,,,0,4,2009,WD,Normal,134900,120,16
35,216,121,0,0,0,0,,,,0,8,2006,New,Partial,187750,337,19
36,0,0,0,162,0,0,,,,0,2,2009,WD,Normal,149500,162,16
37,0,0,0,0,0,0,,,Shed,0,7,2006,Oth,Abnorml,116050,0,19
38,120,0,0,0,0,0,,,,0,6,2009,WD,Alloca,153337,120,16
39,511,116,0,0,0,0,,GdPrv,,0,6,2008,WD,Normal,165000,627,17
40,0,0,0,0,0,0,,MnPrv,,0,10,2008,WD,Normal,130500,0,17
41,0,0,0,0,0,0,,,,0,11,2008,WD,Alloca,206300,0,17
42,0,102,0,0,0,0,,,,0,2,2008,WD,Abnorml,146000,102,17
43,74,0,0,0,0,0,,,,0,7,2007,COD,Normal,126500,74,18
44,242,0,81,0,0,0,,,,0,11,2007,WD,Normal,139000,323,18
45,0,0,102,0,0,0,,,,0,6,2009,New,Partial,113000,102,16
46,0,8,128,0,0,0,,,,0,4,2008,WD,Normal,79000,136,17
47,0,120,0,0,0,0,,,,0,12,2008,New,Partial,182000,120,17
48,224,84,0,0,0,0,,,,0,6,2008,WD,Normal,188000,308,17
49,194,0,0,0,0,0,,,,0,7,2007,WD,Normal,129000,194,18
50,0,0,228,0,0,0,,,,0,7,2006,WD,Normal,160000,228,19
51,0,36,0,0,0,0,,GdPrv,,0,7,2008,COD,Abnorml,174000,36,17
52,100,17,0,0,0,0,,,,0,11,2006,New,Partial,219210,117,19
53,168,52,0,0,0,0,,,,0,4,2009,WD,Normal,310000,220,16
54,206,49,0,0,0,0,,,,0,8,2006,WD,Normal,374000,255,19
55,0,0,184,0,0,0,,,,0,7,2007,WD,Normal,100000,184,18
56,0,65,0,0,222,0,,,,0,8,2006,WD,Normal,250000,287,19
57,88,0,0,0,0,0,,,,0,5,2006,WD,Normal,145000,88,19
58,105,502,0,0,0,0,,,,0,7,2008,WD,Normal,325000,607,17
59,414,84,0,0,0,0,,,,0,3,2007,WD,Normal,380000,498,18
60,128,53,0,0,155,0,,,,0,1,2008,WD,Normal,275000,336,17
61,165,26,0,0,0,0,,,,0,5,2006,WD,Normal,180000,191,19
62,160,33,0,0,0,0,,,,0,2,2010,WD,Normal,245350,193,15
63,0,0,0,0,0,0,,,Gar2,15500,4,2007,WD,Normal,151500,0,18
64,150,72,0,0,0,0,,,,0,5,2006,WD,Normal,134500,222,19
65,0,0,176,0,0,0,,,,0,5,2010,WD,Normal,94000,176,15
66,0,96,0,0,0,0,,,,0,1,2010,WD,Normal,216000,96,15
67,236,46,0,0,0,0,,,,0,8,2008,WD,Normal,350000,282,17
68,0,224,0,0,0,0,,,,0,6,2007,WD,Normal,195000,224,18
69,0,28,0,0,0,0,,,,0,4,2009,WD,Normal,120000,28,16
70,192,87,0,0,0,0,,,,0,8,2007,WD,Normal,228500,279,18
71,168,98,0,0,0,0,,,,0,1,2009,WD,Normal,248000,266,16
72,0,88,0,0,0,0,,,,0,8,2008,COD,Normal,124000,88,17
73,156,20,0,0,0,0,,,,0,5,2008,WD,Normal,191000,176,17
74,265,0,0,0,0,648,Fa,GdPrv,,0,1,2006,WD,Normal,181000,913,19
75,0,0,0,0,0,0,,MnPrv,,0,10,2009,WD,Normal,105000,0,16
76,0,0,36,0,0,0,,GdWo,Shed,600,8,2007,WD,Normal,139900,36,18
77,0,0,275,0,0,0,,,Shed,500,4,2007,COD,Normal,157900,275,18
78,0,0,0,0,0,0,,,,0,5,2008,WD,Normal,130500,0,17
79,100,40,0,0,0,0,,,,0,1,2006,WD,Normal,172400,140,19
80,0,50,0,0,0,0,,MnPrv,,0,2,2007,WD,Normal,130000,50,18
81,100,35,0,0,0,0,,,,0,10,2006,WD,Normal,178000,135,19
82,0,0,0,0,197,0,,,,0,9,2009,WD,Normal,161500,197,16
83,0,0,0,0,271,0,,MnPrv,,0,5,2006,WD,Normal,119900,271,19
84,0,0,0,0,0,0,,,,0,7,2006,WD,Normal,239000,0,19
85,0,122,0,0,0,0,,MnPrv,,0,1,2010,COD,Normal,190000,122,15
86,0,0,0,0,0,0,,,,0,7,2008,COD,Abnorml,85400,0,17
87,168,68,0,0,0,0,,,,0,2,2010,WD,Normal,205000,236,15
88,120,0,158,0,0,0,,,,0,6,2007,WD,Normal,134000,278,18
89,439,0,0,0,0,0,,,,0,3,2007,WD,Normal,168000,439,18
90,95,75,0,0,0,0,,,,0,6,2006,WD,Normal,185000,170,19
91,227,0,0,0,0,0,,,,0,4,2010,WD,Normal,180500,227,15
92,289,0,0,0,0,0,,MnPrv,,0,6,2007,WD,Normal,152000,289,18
93,182,81,0,0,0,0,,,,0,9,2006,WD,Normal,215000,263,19
94,0,0,0,0,0,0,,,,0,5,2009,WD,Normal,153000,0,16
95,40,156,0,0,0,0,,MnPrv,,0,11,2009,WD,Normal,106000,196,16
96,159,214,0,0,0,0,,,,0,12,2007,WD,Normal,340000,373,18
97,0,0,0,0,128,0,,GdPrv,,0,6,2006,WD,Normal,159000,128,19
98,0,0,112,0,0,0,,,,0,7,2008,WD,Normal,120000,112,17
99,0,0,0,0,0,0,,GdPrv,,0,11,2009,WD,Normal,115000,0,16
100,0,205,0,0,0,0,,,,0,2,2007,WD,Normal,128000,205,18
101,0,108,0,0,260,0,,,,0,7,2007,New,Partial,314813,368,18
102,0,0,0,0,160,0,,,,0,1,2009,WD,Normal,131000,160,16
103,126,66,0,0,0,0,,,,0,11,2008,New,Partial,446261,192,17
104,0,0,0,0,120,0,,,,0,11,2007,WD,Normal,127500,120,18
105,0,0,0,0,0,0,,,,0,6,2009,WD,Normal,155000,0,16
106,0,26,0,0,0,0,,,,0,8,2007,WD,Normal,177500,26,18
107,237,0,0,0,0,0,,,,0,5,2007,WD,Normal,128500,237,18
108,100,24,0,0,0,0,,,,0,7,2008,WD,Normal,176000,124,17
109,517,76,0,0,0,0,,,,0,7,2009,WD,Normal,402000,593,16
110,0,192,0,0,0,0,,,,0,11,2008,WD,Abnorml,130000,192,17
111,0,0,0,0,0,0,,MnPrv,,0,7,2008,WD,Normal,145000,0,17
112,0,80,120,0,0,0,,,,0,7,2009,WD,Normal,147000,200,16
113,0,0,0,0,0,0,,,,0,4,2010,ConLI,Normal,115000,0,15
114,140,60,0,0,0,0,,,,0,6,2010,WD,Normal,189000,200,15
115,0,0,0,0,0,0,,,,0,6,2007,WD,Normal,143000,0,18
116,38,243,0,0,0,0,,,,0,6,2008,WD,Normal,240000,281,17
117,172,62,0,0,0,0,,,,0,7,2009,WD,Normal,230000,234,16
118,240,39,0,0,0,0,,,,0,6,2010,WD,Normal,190000,279,15
119,0,35,0,144,0,0,,,,0,5,2010,WD,Normal,213000,179,15
120,164,0,0,0,0,0,,,,0,12,2009,WD,Normal,82500,164,16
121,0,26,0,0,170,0,,,,0,1,2009,WD,Normal,274900,196,16
122,0,0,0,0,0,0,,,,0,6,2008,WD,Normal,155000,0,17
123,192,267,0,0,0,0,,,,0,1,2006,New,Partial,423000,459,19
124,0,0,0,0,0,0,,,,0,6,2006,WD,Normal,128500,0,19
125,0,102,0,0,0,0,,,,0,7,2009,WD,Normal,335000,102,16
126,0,114,192,0,0,0,,GdPrv,,0,7,2006,WD,Normal,262000,306,19
127,0,0,0,0,0,0,,,,0,2,2008,WD,Normal,129500,0,17
128,144,48,0,0,0,0,,,,0,5,2010,WD,Normal,222500,192,15
129,0,30,0,0,216,0,,,,0,4,2006,WD,Normal,270000,246,19
130,172,62,0,0,0,0,,,,0,4,2009,ConLw,Normal,207500,234,16
131,224,0,0,0,0,0,,,,0,6,2007,WD,Normal,175000,224,18
132,72,192,224,0,0,0,,GdPrv,,0,11,2007,WD,Normal,238000,488,18
133,0,184,0,0,0,0,,,,0,3,2008,WD,Normal,135900,184,17
134,192,35,0,0,0,0,,,,0,6,2010,New,Partial,224000,227,15
135,100,0,0,0,0,0,,,,0,12,2007,WD,Normal,170000,100,18
136,0,113,0,0,0,0,,,,0,10,2009,WD,Normal,185000,113,16
137,182,182,0,0,0,0,,,,0,11,2009,WD,Normal,263000,364,16
138,0,0,236,0,0,0,,GdWo,,0,12,2009,WD,Normal,62383,236,16
139,0,80,0,180,0,0,,MnWw,,0,7,2006,WD,Abnorml,150000,260,19
140,0,0,0,0,0,0,,,,0,1,2007,WD,Normal,171000,0,18
141,0,0,0,0,0,0,,,,0,8,2007,WD,Normal,139000,0,18
142,142,98,0,0,0,0,,,,0,7,2006,WD,Normal,126175,240,19
143,0,0,0,0,0,0,,,,0,5,2008,WD,Normal,205950,0,17
144,0,46,0,0,0,0,,GdPrv,Shed,800,8,2009,ConLI,Normal,110000,46,16
145,144,78,0,0,0,0,,,,0,7,2009,New,Partial,485000,222,16
146,98,0,0,0,0,0,,MnPrv,,0,5,2008,WD,Normal,174000,98,17
147,0,28,0,0,0,0,,,,0,5,2006,WD,Normal,145000,28,19
148,169,45,0,0,0,0,,,,0,6,2010,Con,Normal,215200,214,15
149,0,191,0,0,0,0,,,,0,3,2007,WD,Normal,320000,191,18
150,158,61,0,0,0,0,,,,0,4,2009,ConLw,Normal,212000,219,16
151,176,0,0,0,0,0,,GdPrv,,0,6,2008,WD,Normal,168500,176,17
152,635,104,0,0,0,0,,GdPrv,Shed,400,5,2010,WD,Normal,189000,739,15
153,280,34,0,0,0,0,,,,0,12,2008,WD,Normal,140000,314,17
154,315,44,0,0,0,0,,,,0,7,2006,WD,Normal,187500,359,19
155,0,136,0,0,0,0,,GdWo,,0,5,2010,WD,Normal,254900,136,15
156,0,0,0,0,0,0,,,,0,7,2008,WD,Normal,135000,0,17
157,180,0,0,0,80,0,,,,0,7,2008,WD,Normal,151000,260,17
158,0,0,0,0,0,0,,,,0,6,2008,WD,Normal,112500,0,17
159,0,100,0,0,0,0,,GdPrv,,0,6,2008,WD,Normal,184000,100,17
160,136,63,0,0,0,0,,,,0,8,2009,WD,Normal,197000,199,16
161,120,0,0,0,0,0,,,,0,11,2009,WD,Normal,161500,120,16
162,0,30,226,0,0,0,,,,0,6,2009,WD,Normal,85000,256,16
163,264,98,0,0,0,0,,,,0,1,2007,New,Partial,203000,362,18
164,144,39,0,0,0,0,,,,0,6,2008,WD,Normal,325000,183,17
165,253,142,0,0,0,0,,,,0,5,2009,WD,Normal,313000,395,16
166,0,211,0,0,0,0,,,,0,3,2008,WD,Normal,237000,211,17
167,0,0,126,0,0,0,,GdPrv,,0,7,2007,WD,Normal,180500,126,18
168,0,0,120,0,0,0,,,,0,7,2006,WD,Normal,137000,120,19
169,0,0,34,0,0,0,,MnPrv,,0,3,2007,WD,Normal,90350,34,18
170,40,0,0,0,0,0,,,,0,7,2006,WD,Normal,150900,40,19
171,158,29,0,0,0,0,,,,0,8,2006,WD,Normal,214000,187,19
172,0,0,0,0,95,0,,,,0,5,2010,WD,Normal,121500,95,15
173,171,78,0,0,0,555,Ex,MnPrv,,0,7,2007,WD,Abnorml,745000,804,18
174,0,0,0,0,276,0,,,,0,11,2007,WD,Normal,190000,276,18
175,156,0,0,0,0,0,,,,0,5,2009,WD,Normal,181000,156,16
176,0,0,0,0,0,0,,,,0,6,2009,COD,Abnorml,60000,0,16
177,288,136,0,0,0,0,,,,0,5,2009,WD,Normal,239000,424,16
178,0,32,0,0,0,0,,,,0,5,2007,WD,Normal,118500,32,18
179,0,0,0,0,0,0,,,,0,6,2006,WD,Normal,109500,0,19
180,0,0,0,0,0,0,,MnPrv,,0,4,2008,WD,Normal,110000,0,17
181,0,0,0,0,0,0,,,,0,6,2008,WD,Normal,105500,0,17
182,89,0,0,0,0,0,,,,0,7,2006,WD,Normal,199900,89,19
183,84,70,0,0,0,0,,,,0,6,2009,WD,Normal,271900,154,16
184,0,0,0,0,0,0,,,,0,4,2010,WD,Normal,131500,0,15
185,0,0,108,0,0,0,,,,0,8,2008,WD,Normal,135000,108,17
186,0,130,112,0,0,0,,MnPrv,,0,4,2008,WD,Normal,119000,242,17
187,364,63,0,0,0,0,,MnPrv,,0,11,2008,WD,Normal,215000,427,17
188,0,0,0,0,0,0,,,,0,8,2009,WD,Normal,133500,0,16
189,272,0,42,0,116,0,,,,0,3,2010,WD,Normal,169000,430,15
190,120,0,0,0,0,0,,MnPrv,,0,5,2010,WD,Abnorml,137500,120,15
191,0,30,0,0,0,0,,,,0,12,2007,New,Partial,147000,30,18
192,208,59,0,0,0,0,,,,0,4,2006,WD,Normal,232000,267,19
193,0,0,0,0,0,0,,,,0,6,2007,WD,Normal,156000,0,18
194,240,38,0,0,0,0,,,,0,4,2006,WD,Normal,170000,278,19
195,158,0,0,0,0,0,,,,0,3,2009,WD,Normal,82500,158,16
196,256,0,0,0,0,0,,MnPrv,,0,4,2009,WD,Normal,155000,256,16
197,125,144,0,0,0,0,,,,0,4,2007,New,Partial,424870,269,18
198,237,152,0,0,0,0,,,,0,3,2010,WD,Normal,236500,389,15
199,0,21,0,0,180,0,,,,0,7,2007,WD,Normal,218000,201,18
200,74,234,0,0,0,0,,,,0,10,2009,WD,Normal,213000,308,16
201,270,78,0,0,0,0,,,,0,5,2006,WD,Normal,312500,348,19
202,113,100,0,0,0,0,,,,0,8,2007,WD,Normal,187000,213,18
203,0,103,0,0,0,0,,,,0,6,2009,WD,Normal,181000,103,16
204,0,45,0,0,0,0,,,,0,1,2010,WD,Normal,233000,45,15
205,48,0,0,0,0,0,,,,0,3,2008,ConLw,Normal,95000,48,17
206,0,0,0,0,0,0,,,,0,7,2008,WD,Normal,52000,0,17
207,192,0,0,0,0,0,,,,0,1,2009,WD,Normal,181000,192,16
208,0,60,0,0,0,0,,,,0,7,2009,New,Partial,501837,60,16
209,0,0,0,0,0,0,,,,0,6,2006,WD,Normal,88000,0,19
210,0,0,0,0,0,0,,MnPrv,,0,3,2009,WD,Normal,112000,0,16
211,0,0,0,0,0,0,,,,0,10,2008,WD,Normal,140000,0,17
212,110,0,0,0,0,0,,,,0,10,2009,WD,Normal,167000,110,16
213,0,45,0,0,0,0,,,,0,4,2006,WD,Normal,145250,45,19
214,349,0,0,0,0,0,,MnPrv,,0,2,2010,WD,Normal,210000,349,15
215,70,78,68,0,0,0,,,,0,6,2008,WD,Normal,157500,216,17
216,144,20,0,0,0,0,,,,0,7,2006,New,Partial,212900,164,19
217,0,0,0,0,0,0,,GdWo,,0,7,2009,WD,Normal,117500,0,16
218,132,105,0,0,0,0,,,,0,5,2010,WD,Normal,185500,237,15
219,0,0,156,0,0,0,,MnPrv,,0,10,2009,ConLD,Abnorml,85000,156,16
220,272,54,0,0,0,0,,,,0,6,2006,WD,Family,145000,326,19
221,169,39,0,0,0,0,,,,0,7,2009,WD,Normal,255500,208,16
222,0,0,293,0,0,0,,MnPrv,,0,6,2006,WD,Abnorml,124000,293,19
223,210,0,0,0,0,0,,,,0,7,2009,WD,Normal,134900,210,16
224,188,124,0,0,0,0,,,,0,11,2006,WD,Normal,230500,312,19
225,0,0,0,0,0,0,,,,0,6,2007,WD,Normal,110000,0,18
226,0,51,0,0,0,0,,,,0,7,2006,New,Partial,233230,51,19
227,36,0,221,0,0,0,,,,0,10,2006,WD,Normal,157000,257,19
228,0,0,0,0,0,0,,,,0,11,2008,WD,Normal,142600,0,17
229,0,27,0,0,0,0,,,,0,10,2008,WD,Normal,154000,27,17
230,100,24,0,0,0,0,,,,0,9,2006,New,Partial,179665,124,19
231,0,141,0,0,0,0,,,,0,4,2008,WD,Normal,91000,141,17
232,0,113,252,0,0,0,,,,0,11,2007,WD,Normal,197900,365,18
233,0,69,0,0,0,0,,,,0,9,2008,WD,Normal,205000,69,17
234,192,63,0,0,0,0,,MnPrv,,0,6,2008,WD,Normal,161000,255,17
235,210,0,0,0,0,0,,,,0,11,2008,WD,Normal,149900,210,17
236,192,30,0,0,0,0,,,,0,7,2008,WD,Normal,207000,222,17
237,160,0,0,0,0,0,,,,0,5,2010,WD,Normal,143000,160,15
238,177,74,0,0,0,0,,,,0,10,2006,New,Partial,281000,251,19
239,322,82,0,0,0,0,,,,0,7,2009,New,Partial,372500,404,16
240,0,184,0,0,0,0,,,,0,6,2008,WD,Normal,235000,184,17
241,0,60,268,0,0,0,,,,0,7,2009,WD,Normal,214500,328,16
242,340,60,144,0,0,0,,,,0,4,2009,WD,Normal,260000,544,16
243,0,158,158,0,0,0,,MnPrv,,0,4,2010,WD,Normal,149700,316,15
244,164,0,0,0,0,0,,MnPrv,,0,6,2006,WD,Normal,131000,164,19
245,140,0,0,0,176,0,,,,0,9,2008,WD,Normal,144000,316,17
246,210,62,0,0,0,0,,,,0,5,2010,WD,Normal,215000,272,15
247,0,0,252,0,0,0,,GdWo,,0,5,2009,WD,Normal,176000,252,16
248,0,0,0,0,0,0,,,,0,10,2007,WD,Normal,144000,0,18
249,0,0,0,0,0,0,,MnPrv,,0,6,2010,WD,Normal,155000,0,15
250,222,98,0,0,0,0,,,,0,11,2007,WD,Normal,290000,320,18
251,224,106,0,0,0,0,,GdPrv,,0,12,2008,WD,Normal,230000,330,17
252,322,50,0,0,0,0,,,,0,5,2006,New,Partial,290000,372,19
253,97,65,0,0,0,0,,,,0,1,2008,CWD,Abnorml,328900,162,17
254,168,0,0,0,0,0,,GdPrv,,0,5,2008,WD,Normal,142000,168,17
255,276,99,0,0,0,0,,MnPrv,,0,8,2009,WD,Normal,231500,375,16
256,294,116,0,0,0,0,,,,0,12,2009,WD,Normal,162000,410,16
257,0,0,220,0,0,0,,MnPrv,,0,6,2010,WD,Normal,133000,220,15
258,248,105,0,0,0,0,,,,0,6,2009,WD,Normal,386250,353,16
259,166,120,0,0,0,0,,MnPrv,,0,7,2006,WD,Normal,110500,286,19
260,0,102,0,0,0,0,,,,0,4,2008,New,Partial,339750,102,17
261,0,0,244,0,0,0,,,,0,12,2007,WD,Normal,87000,244,18
262,0,36,0,0,0,0,,GdPrv,,0,8,2009,WD,Family,158500,36,16
263,0,120,0,0,0,0,,MnPrv,,0,1,2010,WD,Family,170000,120,15
264,0,0,0,0,0,0,,,Othr,3500,7,2010,WD,Normal,55000,0,15
265,203,40,0,0,0,0,,,,0,7,2006,WD,Normal,138887,243,19
266,0,98,0,0,0,0,,GdPrv,,0,9,2006,WD,Normal,170000,98,19
267,144,60,0,0,0,0,,,,0,8,2006,New,Partial,240000,204,19
268,0,166,0,0,0,0,,,,0,7,2006,WD,Normal,147400,166,19
269,0,54,0,0,161,0,,GdWo,,0,3,2010,WD,Normal,289000,215,15
270,0,211,0,0,0,0,,,,0,11,2008,WD,Normal,135000,211,17
271,0,35,272,0,0,0,,,,0,2,2006,WD,Abnorml,140000,307,19
272,668,30,0,0,0,0,,,,0,5,2010,WD,Normal,333168,698,15
273,168,0,0,0,0,0,,,,0,6,2007,WD,Normal,146500,168,18
274,184,154,0,0,0,0,,,,0,6,2007,WD,Normal,354000,338,18
275,40,30,0,320,0,0,,MnPrv,Shed,700,10,2009,WD,Normal,143000,390,16
276,120,33,0,0,0,0,,,,0,12,2007,WD,Normal,265900,153,18
277,0,64,0,0,0,0,,MnPrv,,0,10,2006,WD,Normal,146000,64,19
278,0,0,0,0,0,0,,MnPrv,,0,8,2009,WD,Normal,165000,0,16
279,0,0,0,0,0,0,,,,0,6,2008,WD,AdjLand,82000,0,17
280,78,73,0,0,0,0,,,,0,6,2009,WD,Normal,213250,151,16
281,0,0,77,0,0,0,,,,0,4,2006,WD,Normal,79000,77,19
282,0,111,0,0,0,0,,,,0,7,2007,WD,Normal,143000,111,18
283,0,44,0,0,0,0,,,,0,3,2010,WD,Normal,130500,44,15
284,0,116,0,0,0,0,,,,0,6,2006,WD,Normal,239900,116,19
285,0,0,0,0,224,0,,,,0,11,2009,WD,Normal,177500,224,16
286,192,121,0,0,0,0,,,,0,5,2008,WD,Normal,262280,313,17
287,144,45,0,0,0,0,,,,0,12,2007,WD,Normal,227000,189,18
288,0,0,192,0,0,0,,,,0,7,2006,WD,Normal,159500,192,19
289,168,27,0,0,0,0,,,,0,7,2006,WD,Normal,217000,195,19
290,283,86,0,0,0,0,,,,0,3,2010,WD,Normal,410000,369,15
291,0,0,0,0,0,0,,,,0,7,2006,WD,Normal,148000,0,19
292,0,0,234,0,0,0,,,,0,8,2006,WD,Normal,178000,234,19
293,0,0,0,0,0,0,,,,0,6,2008,WD,Normal,162900,0,17
294,233,48,0,0,0,0,,,,0,6,2009,WD,Normal,187500,281,16
295,245,0,156,0,0,0,,,Shed,1300,7,2008,WD,Normal,160000,401,17
296,144,105,0,0,0,0,,,,0,4,2009,WD,Normal,212000,249,16
297,0,44,0,0,0,0,,,,0,5,2008,WD,Normal,139000,44,17
298,0,96,0,0,0,0,,MnPrv,,0,5,2009,WD,Normal,108000,96,16
299,186,0,0,0,0,0,,,,0,1,2009,WD,Normal,84000,186,16
300,305,189,0,0,0,0,,MnPrv,Shed,400,9,2008,WD,Normal,172000,494,17
301,0,0,236,0,0,0,,,,0,3,2006,WD,Normal,104900,236,19
302,0,158,0,0,0,0,,,,0,10,2006,WD,Normal,114504,158,19
303,0,0,0,0,0,0,,,,0,9,2008,WD,Normal,106000,0,17
304,0,244,0,0,0,0,,,,0,5,2007,WD,Normal,179900,244,18
305,0,0,0,0,0,0,,,,0,4,2006,COD,Normal,102000,0,19
306,192,36,0,0,0,0,,,,0,8,2009,WD,Normal,190000,228,16
307,0,126,0,0,0,0,,,,0,5,2009,WD,Normal,340000,126,16
308,301,0,0,0,0,0,,,,0,7,2010,WD,Normal,180000,301,15
309,105,61,0,0,0,0,,,,0,2,2010,WD,Normal,206000,166,15
310,0,0,0,0,0,0,,,,0,11,2008,WD,Normal,131500,0,17
311,321,0,0,0,0,0,,,,0,8,2007,Oth,Abnorml,150000,321,18
312,100,22,0,0,0,0,,,,0,3,2010,WD,Normal,186000,122,15
313,0,0,176,0,0,0,,,,0,8,2008,WD,Normal,116900,176,17
314,0,204,0,0,0,0,,,,0,7,2008,WD,Normal,299800,204,17
315,120,155,0,0,0,0,,,,0,7,2008,WD,Normal,188000,275,17
316,0,26,0,0,0,0,,,,0,6,2010,WD,Normal,143000,26,15
317,356,0,0,0,0,0,,GdWo,,0,11,2006,WD,Normal,138500,356,19
318,127,82,0,0,0,0,,,,0,4,2006,WD,Normal,260000,209,19
319,0,36,0,0,0,0,,,,0,10,2007,WD,Normal,119000,36,18
320,509,135,0,0,0,0,,GdPrv,,0,10,2009,WD,Normal,167500,644,16
321,0,0,0,0,0,0,,,,0,8,2006,WD,Normal,85500,0,19
322,156,73,0,0,0,0,,,,0,8,2007,WD,Normal,209500,229,18
323,280,0,0,0,0,0,,,,0,6,2008,WD,Normal,206900,280,17
324,0,0,112,0,0,0,,,,0,8,2007,WD,Normal,112000,112,18
325,100,75,0,0,0,0,,,,0,4,2008,WD,Normal,193000,175,17
326,0,0,0,0,0,0,,,,0,3,2010,WD,Normal,197500,0,15
327,289,0,0,0,0,0,,MnPrv,,0,4,2009,WD,Normal,139000,289,16
328,0,0,0,0,0,0,,MnPrv,,0,6,2007,WD,Normal,119750,0,18
329,0,0,177,0,0,0,,,,0,7,2009,ConLD,Normal,198500,177,16
330,192,0,0,0,0,0,,,,0,7,2009,WD,Normal,135000,192,16
331,0,42,0,0,0,0,,,,0,9,2008,WD,Normal,223500,42,17
332,255,57,0,0,0,0,,,,0,8,2007,WD,Normal,307000,312,18
333,0,0,0,0,0,0,,,,0,5,2009,WD,Normal,132000,0,16
334,304,0,0,0,0,0,,,,0,11,2006,WD,Normal,168000,304,19
335,0,45,0,0,189,0,,,,0,9,2008,WD,Normal,287000,234,17
336,0,88,216,0,0,0,,,,0,11,2007,WD,Normal,197000,304,18
337,0,0,0,0,0,0,,MnPrv,,0,5,2006,WD,Normal,134450,0,19
338,140,0,252,0,0,0,,GdWo,,0,7,2006,WD,Normal,133700,392,19
339,0,50,0,0,0,0,,,,0,5,2010,WD,Normal,306000,50,15
340,0,0,0,0,189,0,,MnPrv,,0,5,2008,COD,Abnorml,180000,189,17
341,0,140,0,0,0,0,,,,0,6,2006,New,Partial,232600,140,19
342,143,20,0,0,0,0,,,,0,5,2009,WD,Normal,175900,163,16
343,356,0,0,0,0,0,,,,0,6,2009,WD,Normal,178000,356,16
344,0,72,0,0,0,0,,,,0,3,2009,WD,Normal,227000,72,16
345,148,0,0,0,147,0,,,,0,11,2006,WD,Normal,165150,295,19
346,0,312,0,0,0,0,,,,0,5,2009,WD,Normal,223500,312,16
347,216,56,0,0,0,0,,,,0,5,2008,WD,Normal,207500,272,17
348,0,56,0,0,0,0,,,,0,7,2009,WD,Normal,256300,56,16
349,178,51,0,0,0,0,,,,0,7,2007,WD,Normal,377426,229,18
350,208,114,0,0,0,0,,,,0,7,2009,New,Partial,224500,322,16
351,0,146,0,0,0,0,,,,0,7,2007,WD,Normal,249700,146,18
352,0,0,0,0,0,0,,,Shed,450,8,2007,WD,Normal,100000,0,18
353,0,0,0,0,0,0,,,,0,4,2006,New,Partial,437154,0,19
354,0,0,0,407,0,0,,,,0,7,2008,WD,Normal,180500,407,17
355,0,98,0,0,40,0,,,,0,5,2009,WD,Normal,121000,138,16
356,224,0,0,0,0,0,,,,0,7,2006,WD,Normal,156000,224,19
357,0,130,0,130,0,0,,,,0,10,2006,WD,Normal,180000,260,19
358,0,42,0,0,0,0,,MnPrv,,0,11,2006,WD,Normal,107000,42,19
359,201,39,0,0,0,0,,,,0,10,2009,WD,Normal,377500,240,16
360,0,94,0,0,291,0,,,,0,12,2009,WD,Normal,185000,385,16
361,302,0,0,0,100,0,,,,0,10,2009,WD,Normal,175000,402,16
362,144,68,0,0,0,0,,,,0,7,2009,WD,Normal,195000,212,16
363,196,82,0,0,0,0,,,,0,2,2010,WD,Normal,319900,278,15
364,155,24,145,0,0,0,,,Gar2,8300,8,2007,WD,Normal,190000,324,18
365,208,406,0,0,0,0,,,,0,10,2007,New,Partial,184750,614,18
366,0,0,116,0,0,0,,,,0,5,2008,WD,Normal,109500,116,17
367,168,0,0,0,0,0,,,Shed,400,5,2007,WD,Normal,129000,168,18
368,0,82,0,0,0,0,,,,0,10,2006,WD,Normal,148000,82,19
369,335,0,0,0,0,0,,GdPrv,,0,4,2010,WD,Abnorml,158900,335,15
370,0,0,0,0,0,0,,,,0,1,2007,WD,Normal,39300,0,18
371,0,172,0,0,0,0,,,,0,6,2010,WD,Normal,151000,172,15
372,144,20,0,0,0,0,,,,0,5,2006,WD,Normal,178740,164,19
373,0,152,0,0,0,0,,,,0,4,2009,WD,Normal,124000,152,16
374,0,0,0,0,0,0,,,,0,6,2006,WD,Normal,230000,0,19
375,55,0,0,216,0,0,,,,0,10,2008,COD,Abnorml,145000,271,17
376,0,0,0,0,0,0,,MnPrv,,0,8,2007,WD,Normal,125500,0,18
377,0,50,0,0,0,0,,,,0,5,2006,New,Partial,158000,50,19
378,0,0,44,0,0,0,,,,0,8,2009,WD,Normal,163500,44,16
379,0,265,0,0,0,0,,,,0,8,2007,WD,Abnorml,129000,265,18
380,132,0,0,0,0,0,,,,0,2,2009,WD,Normal,194500,132,16
381,0,0,0,0,0,0,,,,0,5,2008,WD,Normal,127000,0,17
382,0,84,0,196,0,0,,,,0,1,2007,WD,Normal,228500,280,18
383,208,75,0,0,374,0,,,,0,6,2006,WD,Normal,280000,657,19
384,0,0,0,0,145,0,,MnPrv,,0,6,2009,WD,Normal,234000,145,16
385,0,40,0,0,0,0,,,,0,8,2007,WD,Normal,175000,40,18
386,0,69,0,0,0,0,,,,0,7,2008,WD,Normal,193000,69,17
387,116,0,0,180,0,0,,MnPrv,,0,6,2007,WD,Normal,120000,296,18
388,168,95,0,0,0,0,,,,0,4,2010,New,Partial,395192,263,15
389,182,0,0,0,0,0,,,,0,10,2006,WD,Normal,136900,182,19
390,240,0,0,0,0,0,,MnPrv,,0,12,2007,WD,Normal,144000,240,18
391,0,27,0,0,0,0,,,,0,6,2010,WD,Normal,175500,27,15
392,0,35,0,0,0,0,,MnWw,,0,4,2009,WD,Normal,110000,35,16
393,0,0,0,0,0,0,,,,0,5,2008,WD,Normal,255900,0,17
394,106,0,0,0,0,0,,,,0,5,2010,WD,Normal,110000,106,15
395,0,0,0,0,0,0,,,,0,2,2006,WD,Normal,229000,0,19
396,48,0,244,0,0,0,,MnWw,,0,9,2009,WD,Normal,124900,292,16
397,0,0,0,0,126,0,,MnPrv,,0,8,2007,WD,Normal,164000,126,18
398,165,44,0,0,0,0,,,,0,9,2009,COD,Abnorml,257000,209,16
399,100,36,0,0,0,0,,,,0,12,2007,New,Partial,239000,136,18
400,280,238,0,0,0,0,,,,0,6,2008,WD,Normal,200000,518,17
401,0,0,0,0,0,0,,,,0,7,2006,WD,Family,171000,0,19
402,104,100,0,0,0,0,,,,0,5,2007,WD,Normal,285000,204,18
403,0,72,0,0,252,0,,,,0,6,2009,WD,Normal,193500,324,16
404,0,166,0,0,0,0,,,,0,4,2006,WD,Abnorml,144152,166,19
405,140,45,0,0,0,0,,,,0,8,2008,WD,Normal,250000,185,17
406,0,56,0,0,0,0,,,,0,6,2007,WD,Normal,248000,56,18
407,380,48,0,0,0,0,,,,0,6,2007,WD,Normal,302000,428,18
408,519,112,0,0,0,0,,,,0,3,2006,WD,Normal,326000,631,19
409,140,0,0,0,0,0,,,,0,9,2008,WD,Normal,127500,140,17
410,144,68,0,0,0,0,,,,0,9,2007,WD,Normal,180000,212,18
411,0,144,0,0,0,0,,MnPrv,,0,3,2008,WD,Normal,89500,144,17
412,0,0,0,0,0,0,,,,0,6,2010,WD,Normal,190000,0,15
413,168,120,0,0,0,0,,,,0,10,2008,WD,Normal,189000,288,17
414,100,38,0,0,0,0,,,,0,7,2008,WD,Normal,192000,138,17
415,120,0,0,0,0,0,,,,0,5,2007,WD,Normal,94750,120,18
416,327,64,0,0,0,0,,,,0,2,2009,WD,Normal,320000,391,16
417,0,0,164,0,0,0,,MnPrv,,0,2,2010,WD,Normal,128000,164,15
418,0,0,0,0,0,0,,,,0,6,2006,WD,Normal,135000,0,19
419,0,0,0,0,0,0,,,,0,6,2009,WD,Alloca,118964,0,16
420,88,0,0,0,0,0,,,,0,6,2008,WD,Normal,81000,88,17
421,238,0,0,0,0,0,,,,0,8,2009,WD,Normal,88000,238,16
422,404,102,0,0,0,0,,,,0,11,2009,WD,Normal,325000,506,16
423,0,0,0,0,0,0,,GdWo,,0,9,2008,WD,Normal,139950,0,17
424,0,49,0,0,0,0,,,,0,2,2007,New,Partial,147000,49,18
425,468,81,0,0,0,0,,,,0,1,2006,WD,Normal,205000,549,19
426,0,0,0,0,0,0,,GdWo,,0,8,2008,WD,Normal,127000,0,17
427,206,0,0,0,0,0,,,,0,11,2007,WD,Normal,174000,206,18
428,120,25,0,0,0,0,,,,0,7,2008,WD,Normal,191000,145,17
429,0,0,0,0,0,0,,,,0,8,2008,WD,Normal,89500,0,17
430,0,113,0,0,0,0,,,,0,8,2009,WD,Normal,113000,113,16
431,262,24,0,0,0,0,,,,0,7,2008,WD,Normal,179500,286,17
432,168,0,0,0,0,0,,,,0,7,2007,WD,Normal,305900,168,18
433,80,64,0,0,0,0,,,,0,4,2007,New,Partial,155000,144,18
434,0,36,190,0,0,0,,,,0,4,2006,WD,Normal,93000,226,19
435,0,87,0,0,200,0,,,,0,6,2007,WD,Normal,257500,287,18
436,0,98,0,0,0,0,,,Shed,500,6,2007,WD,Normal,277000,98,18
437,296,44,0,0,0,0,,,,0,4,2010,WD,Normal,328000,340,15
438,0,52,0,0,0,0,,GdPrv,,0,6,2007,WD,Normal,165000,52,18
439,0,0,0,0,0,0,,,,0,6,2007,WD,Normal,129500,0,18
440,0,162,0,0,0,0,,,,0,5,2007,WD,Normal,204750,162,18
441,431,0,0,0,0,0,,,,0,9,2008,WD,Normal,191000,431,17
442,0,38,0,0,0,0,,,,0,4,2010,WD,Normal,165500,38,15
443,0,38,0,0,0,0,,,,0,2,2006,WD,Normal,173000,38,19
444,0,0,0,0,0,0,,,,0,6,2006,WD,Normal,119500,0,19
445,0,0,0,0,0,0,,MnPrv,,0,11,2009,COD,Normal,127500,0,16
446,0,48,143,0,0,0,,,,0,7,2007,WD,Normal,159500,191,18
447,418,0,194,0,0,0,,,,0,6,2008,WD,Normal,153900,612,17
448,0,0,0,0,0,0,,,,0,7,2006,WD,Normal,129900,0,19
449,0,0,0,0,0,0,,MnPrv,,0,6,2009,WD,Family,152000,0,16
450,371,0,0,0,0,0,,,,0,2,2009,WD,Normal,185000,371,16
451,0,0,0,0,0,0,,MnPrv,,0,1,2008,WD,Normal,127000,0,17
452,120,72,0,0,0,0,,,Shed,700,5,2009,WD,Normal,168500,192,16
453,180,130,0,0,0,0,,,,0,6,2007,WD,Normal,269790,310,18
454,144,99,0,0,0,0,,,,0,10,2008,WD,Normal,245000,243,17
455,224,137,0,0,0,0,,,,0,3,2008,WD,Normal,256000,361,17
456,0,0,0,0,0,0,,,,0,12,2006,WD,Abnorml,135000,0,19
457,0,0,90,0,0,0,,,,0,5,2006,WD,Normal,87000,90,19
458,0,90,0,0,0,0,,,,0,8,2006,New,Partial,239799,90,19
459,0,22,0,0,0,0,,,,0,8,2007,New,Partial,176485,22,18
460,0,0,0,0,0,0,,,,0,10,2006,WD,Normal,116000,0,19
461,195,130,0,0,0,0,,,,0,10,2009,New,Partial,370878,325,16
462,220,21,0,0,0,0,,,,0,6,2007,WD,Normal,176000,241,18
463,0,0,0,0,0,0,,GdPrv,,0,5,2010,WD,Normal,152000,0,15
464,0,0,0,0,0,0,,,,0,4,2010,WD,Normal,149900,0,15
465,0,40,0,0,0,0,,,,0,5,2007,WD,Normal,168000,40,18
466,268,0,0,0,0,0,,,,0,4,2010,WD,Normal,260000,268,15
467,0,0,0,168,0,0,,GdPrv,,0,6,2009,WD,Normal,214000,168,16
468,0,118,0,0,233,0,,,,0,1,2009,COD,Abnorml,137500,351,16
469,0,0,0,0,184,0,,,,0,6,2007,WD,Normal,169500,184,18
470,64,0,39,0,0,0,,,,0,4,2007,WD,Normal,118500,103,18
471,728,20,0,0,0,0,,GdPrv,,0,6,2006,WD,Normal,151400,748,19
472,0,35,0,0,0,0,,,,0,8,2006,New,Partial,173900,35,19
473,81,207,0,0,224,0,,,,0,10,2007,WD,Normal,268000,512,18
474,120,49,0,0,0,0,,,,0,10,2007,WD,Normal,202500,169,18
475,0,120,0,0,0,0,,,,0,5,2006,New,Partial,185000,120,19
476,0,40,0,0,0,0,,,,0,2,2010,WD,Normal,214900,40,15
477,168,228,0,0,0,0,,,,0,12,2007,New,Partial,318000,396,18
478,216,0,0,0,0,0,,,,0,3,2009,WD,Abnorml,97000,216,16
479,0,40,0,0,0,0,,,,0,4,2006,WD,Normal,130000,40,19
480,55,0,0,0,0,0,,,,0,6,2009,WD,Normal,104900,55,16
481,66,0,0,0,0,0,,GdWo,,0,11,2009,WD,Normal,123000,66,16
482,367,0,0,0,0,0,,,,0,5,2010,WD,Normal,320000,367,15
483,136,0,115,0,0,0,,,,0,3,2007,WD,Normal,127000,251,18
484,263,0,0,0,0,0,,GdWo,Shed,450,5,2010,WD,Normal,76500,263,15
485,58,0,0,0,0,0,,MnPrv,,0,3,2009,WD,Normal,133000,58,16
486,0,4,0,0,0,0,,,,0,1,2008,WD,Normal,118000,4,17
487,0,176,0,0,0,0,,,,0,6,2007,WD,Normal,120000,176,18
488,100,24,0,0,0,0,,,,0,7,2007,New,Partial,179540,124,18
489,192,0,0,0,0,0,,,,0,2,2006,WD,Normal,230000,192,19
490,140,0,0,0,0,0,,,,0,5,2009,WD,Normal,140000,140,16
491,196,134,0,0,0,0,,,,0,8,2008,New,Partial,426000,330,17
492,0,0,208,0,0,0,,,,0,5,2009,WD,Normal,117000,208,16
493,0,0,0,0,90,0,,,,0,7,2008,WD,Normal,235000,90,17
494,0,47,120,0,0,0,,,,0,9,2006,COD,Normal,108000,167,19
495,214,292,0,0,0,480,Gd,,,0,1,2008,New,Partial,160000,986,17
496,316,28,0,0,0,0,,GdWo,,0,6,2007,WD,Normal,144000,344,18
497,0,150,0,0,0,0,,,,0,12,2009,New,Partial,263435,150,16
498,0,0,0,0,156,0,,,,0,5,2008,WD,Normal,135000,156,17
499,0,80,0,290,0,0,,,,0,6,2006,WD,Normal,262500,370,19
500,0,0,0,0,0,0,,,,0,11,2006,ConLI,Abnorml,125000,0,19
501,0,108,0,0,0,0,,,,0,2,2008,WD,Normal,226700,108,17
502,0,20,0,0,192,0,,,,0,6,2007,WD,Normal,135000,212,18
503,187,56,0,0,0,0,,,,0,4,2009,WD,Normal,190000,243,16
504,0,54,20,0,0,0,,,,0,12,2008,WD,Normal,122000,74,17
505,160,22,0,0,0,0,,,,0,5,2007,WD,Normal,187500,182,18
506,180,0,0,0,0,0,,MnPrv,Shed,2000,5,2010,WD,Normal,272000,180,15
507,0,0,0,0,0,0,,,,0,7,2006,WD,Normal,172500,0,19
508,0,0,0,0,168,0,,,,0,6,2010,WD,Normal,125500,168,15
509,0,0,0,0,0,0,,,,0,9,2006,WD,Normal,123500,0,19
510,168,55,0,0,0,0,,,,0,7,2006,New,Partial,193879,223,19
511,0,0,192,0,0,0,,,,0,3,2007,WD,Normal,87000,192,18
512,120,0,0,0,0,0,,,,0,3,2009,WD,Normal,184100,120,16
513,0,0,99,0,0,0,,,,0,4,2007,WD,Normal,182900,99,18
514,36,56,0,0,0,0,,,,0,7,2006,WD,Abnorml,84500,92,19
515,235,204,228,0,0,0,,,Shed,350,11,2009,WD,Normal,200000,667,16
516,0,45,0,0,0,0,,,,0,6,2008,WD,Normal,183000,45,17
517,224,42,0,0,0,0,,,,0,10,2008,WD,Normal,193500,266,17
518,0,0,0,0,0,0,,,,0,3,2007,WD,Normal,131000,0,18
519,536,90,0,0,0,0,,MnPrv,,0,8,2007,WD,Normal,134000,626,18
520,303,30,0,0,0,0,,,,0,7,2009,WD,Normal,165500,333,16
521,0,48,0,0,0,0,,,,0,8,2008,ConLD,Normal,125000,48,17
522,0,0,137,0,0,0,,GdWo,,0,7,2009,WD,Normal,78000,137,16
523,192,60,0,0,0,0,,,,0,11,2007,WD,Normal,179600,252,18
524,0,0,0,0,0,0,,,,0,5,2008,WD,Normal,130000,0,17
525,160,50,0,0,0,0,,,,0,5,2009,WD,Normal,252000,210,16
526,0,96,0,245,0,0,,,,0,5,2008,WD,Normal,231500,341,17
527,0,0,0,0,0,0,,MnPrv,,0,7,2010,WD,Normal,80000,0,15
528,353,0,0,0,90,0,,MnPrv,,0,2,2010,WD,Normal,125000,443,15
529,0,0,0,0,0,0,,,,0,7,2007,CWD,Normal,219500,0,18
530,342,40,0,0,0,0,,MnPrv,,0,12,2009,WD,Normal,178000,382,16
531,0,0,0,0,0,0,,MnPrv,,0,6,2010,WD,Normal,166000,0,15
532,38,144,0,0,0,0,,,,0,4,2006,WD,Normal,176000,182,19
533,0,100,0,0,0,0,,,,0,9,2006,New,Partial,274725,100,19
534,0,16,0,0,0,0,,,,0,4,2009,WD,Normal,167900,16,16
535,0,48,0,0,0,0,,,,0,3,2008,WD,Normal,160000,48,17
536,88,15,0,0,0,0,,GdWo,,0,8,2007,CWD,Family,136000,103,18
537,0,72,0,0,170,0,,,,0,4,2009,WD,Normal,555000,242,16
538,0,0,84,0,0,0,,,,0,6,2008,WD,Normal,128000,84,17
539,361,76,0,0,0,0,,,,0,7,2006,WD,Normal,625000,437,19
540,224,114,0,0,0,0,,,,0,6,2007,WD,Abnorml,290000,338,18
541,0,0,0,0,0,0,,,,0,7,2009,WD,Normal,82000,0,16
542,0,0,0,0,0,0,,MnPrv,,0,5,2010,WD,Normal,125000,0,15
543,0,45,0,0,0,0,,,,0,3,2006,New,Partial,186500,45,19
544,0,0,0,0,0,0,,,,0,2,2007,WD,Normal,111000,0,18
545,168,108,0,0,0,0,,,,0,7,2009,New,Partial,252678,276,16
546,74,0,128,0,0,0,,MnPrv,,0,5,2009,WD,Normal,110000,202,16
547,0,0,0,0,0,0,,,,0,4,2008,WD,Normal,141000,0,17
548,207,0,96,0,0,0,,,,0,7,2006,WD,Normal,116000,303,19
549,328,128,0,0,189,0,,,,0,6,2008,WD,Normal,167900,645,17
550,156,90,0,0,0,0,,GdPrv,,0,6,2010,WD,Normal,236000,246,15
551,147,0,0,0,0,0,,,,0,7,2009,WD,Normal,103600,147,16
552,100,25,0,0,0,0,,,,0,7,2007,WD,Normal,163900,125,18
553,0,0,116,0,0,0,,,,0,8,2006,WD,Normal,113000,116,19
554,0,140,0,0,0,0,,,,0,5,2008,New,Partial,250580,140,17
555,192,25,0,0,0,0,,,,0,6,2009,WD,Normal,220000,217,16
556,0,64,0,0,0,0,,,,0,4,2007,WD,Normal,126000,64,18
557,335,0,0,0,0,0,,GdWo,,0,7,2009,WD,Normal,139500,335,16
558,192,62,0,0,0,0,,,,0,8,2007,New,Partial,280000,254,18
559,100,16,0,0,0,0,,,,0,3,2008,WD,Normal,159895,116,17
560,0,102,0,0,0,0,,,,0,9,2009,New,Partial,208300,102,16
561,0,0,214,0,0,0,,GdPrv,,0,11,2007,WD,Normal,124000,214,18
562,260,0,0,0,0,0,,,,0,6,2009,WD,Normal,147000,260,16
563,394,0,0,0,0,0,,,,0,6,2006,WD,Normal,117000,394,19
564,0,40,0,0,0,0,,,,0,12,2009,WD,Normal,157500,40,16
565,0,151,0,0,0,0,,,,0,5,2006,WD,AdjLand,81000,151,19
566,0,61,0,0,0,0,,,,0,2,2008,WD,Normal,208500,61,17
567,0,0,0,0,192,0,,MnPrv,,0,6,2007,WD,Normal,156000,192,18
568,486,0,0,0,225,0,,,,0,6,2009,WD,Abnorml,185000,711,16
569,100,0,0,0,0,0,,,,0,5,2008,WD,Normal,167500,100,17
570,0,24,0,0,192,0,,,,0,7,2007,WD,Normal,132500,216,18
571,0,0,0,0,0,0,,,,0,5,2010,WD,Normal,169900,0,15
572,0,70,0,0,0,0,,,,0,8,2006,WD,Normal,196500,70,19
573,0,0,0,0,0,0,,,,0,11,2009,WD,Normal,93000,0,16
574,0,0,0,0,163,0,,GdPrv,,0,5,2008,WD,Normal,177000,163,17
575,0,0,0,0,143,0,,,,0,4,2010,WD,Normal,167500,143,15
576,36,24,0,0,0,0,,,,0,6,2009,WD,Normal,174000,60,16
577,441,35,0,0,0,0,,,,0,6,2006,WD,Normal,239000,476,19
578,0,113,0,0,0,0,,,,0,6,2006,WD,Normal,110000,113,19
579,53,0,0,0,0,0,,,,0,6,2006,WD,Normal,84500,53,19
580,0,0,0,0,0,0,,,,0,11,2008,WD,Normal,242000,0,17
581,224,0,0,0,0,0,,,,0,8,2008,WD,Abnorml,175000,224,17
582,0,36,0,0,0,0,,,,0,3,2009,WD,Normal,174000,36,16
583,0,288,0,0,0,0,,,,0,5,2006,WD,Normal,129000,288,19
584,0,29,0,0,0,0,,,,0,7,2006,WD,Normal,109900,29,19
585,0,0,0,0,0,0,,,,0,6,2009,WD,Normal,90000,0,16
586,0,0,40,0,0,0,,,,0,7,2006,WD,Normal,200100,40,19
587,208,364,0,0,0,0,,,,0,8,2007,New,Partial,303477,572,18
588,0,140,0,0,100,0,,,,0,11,2006,WD,Normal,149900,240,19
589,0,0,196,0,0,0,,,Shed,1200,6,2010,WD,Normal,139000,196,15
590,196,187,0,0,0,0,,,,0,12,2008,WD,Normal,228000,383,17
591,123,0,0,0,153,0,,,,0,12,2007,WD,Family,235000,276,18
592,0,21,114,0,0,0,,,,0,7,2006,WD,Normal,225000,135,19
593,52,170,0,0,192,0,,,,0,1,2009,New,Partial,582933,414,16
594,24,48,0,0,0,0,,,,0,7,2009,WD,Normal,244000,72,16
595,0,0,0,0,0,0,,,,0,6,2006,WD,Normal,157000,0,19
596,0,0,0,0,0,0,,,,0,5,2007,WD,Abnorml,110000,0,18
597,122,30,0,0,0,0,,,,0,5,2008,Con,Normal,324000,152,17
598,171,132,0,0,0,0,,,,0,8,2008,WD,Normal,271000,303,17
599,0,116,0,0,0,0,,MnPrv,Shed,700,3,2006,WD,Normal,160000,116,19
600,12,285,0,0,0,0,,MnWw,Shed,480,6,2007,WD,Normal,120000,297,18
601,0,0,0,0,0,0,,GdWo,,0,5,2009,WD,Abnorml,37900,0,16
602,192,39,0,0,0,0,,,,0,1,2010,WD,Normal,237000,231,15
603,306,111,0,0,0,0,,,,0,7,2006,WD,Normal,190000,417,19
604,0,523,115,0,0,0,,GdWo,,0,11,2009,WD,Abnorml,34900,638,16
605,194,45,0,0,0,0,,,,0,9,2006,WD,Normal,315000,239,19
606,108,45,0,0,0,0,,,Shed,400,5,2006,WD,Normal,202500,153,19
607,240,0,0,0,0,0,,,,0,6,2009,WD,Normal,215000,240,16
608,0,0,183,0,0,0,,,,0,10,2007,WD,Normal,152000,183,18
609,288,258,0,0,0,0,,,,0,12,2006,WD,Normal,207500,546,19
610,0,104,0,0,0,0,,GdPrv,,0,8,2009,COD,Abnorml,158000,104,16
611,0,40,0,0,0,0,,,,0,5,2006,WD,Normal,130000,40,19
612,0,0,0,0,0,0,,,,0,4,2010,WD,Normal,244000,0,15
613,0,0,286,0,0,0,,,,0,5,2007,WD,Normal,79000,286,18
614,0,0,100,0,0,0,,MnPrv,,0,1,2008,WD,Normal,55000,100,17
615,574,64,0,0,0,0,,,,0,1,2006,WD,Normal,228000,638,19
616,178,120,0,0,0,0,,,,0,11,2007,New,Partial,325624,298,18
617,0,120,0,0,0,0,,,,0,7,2009,WD,Normal,191000,120,16
618,0,20,0,0,0,0,,,,0,6,2008,COD,Normal,163000,20,17
619,0,36,0,0,0,0,,MnPrv,,0,5,2007,WD,Normal,211000,36,18
620,162,53,0,153,0,0,,,,0,11,2008,New,Partial,392500,368,17
621,0,0,0,0,0,0,,,,0,7,2009,WD,Normal,143000,0,16
622,0,0,112,0,120,0,,MnPrv,Shed,620,7,2006,WD,Abnorml,88000,232,19
623,0,0,32,0,0,0,,MnPrv,,0,8,2006,WD,Normal,133000,32,19
624,0,0,0,0,0,0,,GdWo,,0,5,2010,WD,Normal,144900,0,15
625,201,0,0,0,0,0,,,,0,4,2006,WD,Abnorml,91500,201,19
626,0,0,0,0,0,0,,,,0,7,2009,WD,Normal,137000,0,16
627,0,160,0,0,0,0,,,,0,6,2010,WD,Normal,96500,160,15
628,0,0,112,0,0,0,,MnPrv,,0,2,2008,WD,Normal,149000,112,17
629,0,129,0,0,0,0,,GdPrv,,0,5,2008,WD,Normal,174900,129,17
630,288,48,0,0,0,0,,,,0,5,2010,WD,Normal,216500,336,15
631,192,84,0,0,0,0,,,,0,7,2008,WD,Normal,222500,276,17
632,0,36,0,0,0,0,,MnPrv,Shed,450,3,2010,WD,Normal,161750,36,15
633,0,70,0,0,0,0,,,,0,5,2010,New,Partial,220000,70,15
634,0,0,0,0,0,0,,,,0,7,2007,WD,Normal,150750,0,18
635,0,0,0,0,0,0,,,,0,7,2009,WD,Normal,128000,0,16
636,209,208,0,0,0,0,,MnPrv,,0,2,2006,WD,Normal,179900,417,19
637,500,0,0,0,0,0,,,,0,6,2007,WD,Normal,302000,500,18
638,0,260,0,0,410,0,,GdPrv,,0,6,2006,WD,Normal,475000,670,19
639,0,104,0,0,0,0,,,,0,7,2007,WD,Normal,170000,104,18
640,320,27,0,0,0,0,,,,0,4,2006,WD,Normal,335000,347,19
641,0,0,144,0,0,0,,,,0,8,2007,WD,Normal,115000,144,18
642,0,52,0,0,0,0,,,,0,1,2010,WD,Abnorml,109000,52,15
643,349,40,0,0,0,0,,,,0,9,2009,WD,Normal,316600,389,16
644,0,252,0,0,0,0,,,,0,11,2007,WD,Normal,270000,252,18
645,0,0,0,0,0,0,,MnPrv,,0,5,2010,COD,Abnorml,142000,0,15
646,168,160,0,0,0,0,,,,0,8,2007,WD,Normal,282922,328,18
647,0,125,0,0,0,0,,,,0,5,2006,WD,Normal,164000,125,19
648,0,44,0,0,0,0,,,,0,5,2007,WD,Normal,250000,44,18
649,0,0,0,0,0,0,,MnPrv,Shed,2000,7,2007,WD,Normal,122900,0,18
650,406,90,0,0,0,0,,MnPrv,,0,5,2010,WD,Normal,154000,496,15
651,48,0,0,0,0,0,,,,0,7,2007,WD,Normal,155000,48,18
652,0,0,0,0,0,0,,,,0,1,2009,WD,Normal,60000,0,16
653,0,0,0,0,0,0,,,,0,6,2010,WD,Normal,80000,0,15
654,0,0,0,0,0,0,,GdWo,,0,7,2009,WD,Normal,100000,0,16
655,0,18,0,0,0,0,,GdWo,,0,5,2006,WD,Normal,132500,18,19
656,0,76,0,0,185,0,,,,0,7,2009,WD,Normal,159000,261,16
657,0,0,0,0,0,0,,,,0,7,2009,COD,Normal,124500,0,16
658,140,0,0,0,0,0,,,,0,11,2007,WD,Normal,131500,140,18
659,0,58,0,0,90,0,,,,0,7,2006,WD,Normal,180000,148,19
660,0,0,91,0,0,0,,,,0,10,2009,WD,Normal,76000,91,16
661,147,0,0,0,0,0,,,,0,5,2007,WD,Family,108000,147,18
662,224,0,0,0,0,0,,MnPrv,,0,11,2008,WD,Normal,157000,224,17
663,0,0,0,0,0,0,,,,0,5,2009,WD,Normal,225000,0,16
664,0,0,0,0,0,0,,,,0,7,2006,WD,Family,188000,0,19
665,0,0,0,0,0,0,,,,0,6,2008,WD,Normal,73000,0,17
666,120,101,0,0,0,0,,GdWo,,0,11,2009,WD,Normal,91000,221,16
667,0,234,0,0,0,0,,,,0,6,2009,New,Partial,173733,234,16
668,0,0,0,0,0,0,,,,0,6,2006,WD,Normal,94500,0,19
669,144,133,0,0,0,0,,,,0,7,2008,WD,Normal,210000,277,17
670,44,0,0,0,0,0,,,,0,6,2010,WD,Normal,129000,44,15
671,0,0,0,0,0,0,,MnPrv,Shed,500,7,2007,WD,Normal,148000,0,18
672,0,228,0,0,192,0,,,,0,9,2007,WD,Normal,211000,420,18
673,0,102,0,0,0,0,,,,0,6,2008,WD,Normal,159000,102,17
674,0,0,0,0,0,0,,,,0,6,2009,WD,Normal,197900,0,16
675,0,28,0,0,0,0,,,,0,5,2006,WD,Normal,118000,28,19
676,250,0,24,0,0,0,,,,0,9,2009,WD,Normal,82000,274,16
677,0,74,137,0,0,0,,,,0,10,2007,WD,Normal,170000,211,18
678,0,0,0,0,0,0,,GdWo,,0,7,2009,WD,Normal,136500,0,16
679,180,75,0,0,120,0,,,,0,8,2006,New,Partial,319000,375,19
680,0,0,144,0,0,0,,,,0,3,2007,WD,Normal,101000,144,18
681,0,240,0,0,0,0,,,,0,12,2008,WD,Normal,147000,240,17
682,132,57,0,0,0,0,,,,0,4,2010,WD,Normal,290000,189,15
683,362,0,0,0,0,0,,MnPrv,,0,10,2008,WD,Normal,119500,362,17
684,196,0,150,0,0,0,,GdWo,,0,10,2008,WD,Normal,116000,346,17
685,0,0,0,0,0,0,,,,0,6,2009,WD,Normal,92900,0,16
686,0,0,198,0,0,0,,,,0,10,2009,WD,Normal,105000,198,16
687,124,98,0,0,142,0,,,,0,5,2007,New,Partial,415298,364,18
688,100,48,0,0,0,0,,,,0,7,2007,WD,Normal,215000,148,18
689,112,0,0,0,0,0,,MnPrv,,0,4,2009,WD,Normal,141500,112,16
690,0,98,0,0,0,0,,,,0,3,2010,WD,Normal,132000,98,15
691,0,0,168,0,0,0,,,,0,7,2007,WD,Normal,108500,168,18
692,392,64,0,0,0,0,,,,0,6,2009,WD,Normal,145000,456,16
693,0,341,0,0,0,0,,,,0,10,2006,WD,Normal,163000,341,19
694,0,0,0,0,0,0,,MnPrv,,0,9,2009,WD,Normal,140000,0,16
695,0,0,240,0,0,0,,,,0,7,2009,WD,Normal,110000,240,16
696,45,0,0,0,0,0,,,,0,5,2009,WD,Normal,132500,45,16
697,172,42,0,0,0,0,,,,0,1,2009,WD,Normal,295493,214,16
698,0,116,0,0,0,0,,,,0,11,2007,New,Partial,199900,116,18
699,104,0,0,0,0,0,,,,0,4,2007,WD,Normal,129500,104,18
700,108,0,0,216,0,0,,,,0,11,2008,WD,Normal,224000,324,17
701,140,0,0,0,0,0,,,,0,10,2007,New,Partial,392000,140,18
702,120,0,0,0,0,0,,,,0,3,2009,WD,Alloca,179000,120,16
703,0,32,0,0,0,0,,,,0,6,2007,WD,Normal,184000,32,18
704,0,51,0,0,190,0,,,,0,5,2008,WD,Normal,176500,241,17
705,0,0,96,0,0,0,,,,0,5,2008,COD,Abnorml,98000,96,17
706,120,144,0,0,0,0,,,,0,5,2006,WD,Normal,169000,264,19
707,0,0,0,0,0,0,,GdWo,,0,4,2006,WD,Abnorml,100000,0,19
708,28,0,0,0,0,0,,,,0,4,2009,WD,Normal,148500,28,16
709,0,0,0,0,0,0,,,Shed,450,10,2009,WD,Normal,127500,0,16
710,0,0,0,0,0,0,,GdWo,,0,5,2007,WD,Normal,120500,0,18
711,0,25,0,0,0,0,,,,0,7,2009,COD,Abnorml,110000,25,16
712,0,85,184,0,0,0,,,,0,7,2010,WD,Normal,142000,269,15
713,0,0,0,0,0,0,,,,0,3,2009,WD,Normal,61000,0,16
714,0,144,0,0,0,0,,,,0,6,2010,New,Partial,222000,144,15
715,0,0,202,0,0,0,,,,0,5,2010,WD,Normal,107400,202,15
716,0,88,0,0,0,0,,,,0,6,2008,WD,Abnorml,193000,88,17
717,448,96,0,0,0,0,,,,0,10,2009,WD,Normal,197500,544,16
718,144,28,0,0,0,0,,,,0,5,2007,WD,Normal,113000,172,18
719,188,45,0,0,0,0,,,,0,6,2008,New,Partial,385000,233,17
720,87,0,0,0,0,0,,,,0,7,2009,WD,Normal,148500,87,16
721,736,68,0,0,0,0,,,,0,6,2008,WD,Normal,147500,804,17
722,100,75,0,0,0,0,,,,0,6,2006,WD,Normal,183200,175,19
723,224,0,0,0,0,0,,MnPrv,,0,7,2007,WD,Normal,259500,224,18
724,0,0,0,0,0,0,,,,0,11,2007,WD,Normal,239000,0,18
725,0,162,0,0,126,0,,,,0,12,2007,WD,Normal,141000,288,18
726,0,0,0,0,0,0,,,,0,3,2006,ConLD,Normal,140000,0,19
727,0,70,0,0,0,0,,GdPrv,,0,9,2008,WD,Normal,145900,70,17
728,192,36,0,0,0,0,,,,0,9,2008,WD,Normal,221000,228,17
729,168,24,0,0,0,0,,GdWo,,0,5,2007,WD,Normal,112000,192,18
730,0,0,0,0,0,0,,,,0,8,2007,WD,Normal,123600,0,18
731,486,40,0,0,175,0,,,,0,9,2008,WD,Normal,240000,701,17
732,0,0,0,0,0,0,,MnPrv,,0,8,2006,WD,Normal,117000,0,19
733,144,39,0,0,0,0,,,,0,2,2007,WD,Normal,281213,183,18
734,192,52,0,0,0,0,,,,0,3,2006,WD,Normal,275500,244,19
735,64,0,0,0,0,0,,MnPrv,,0,6,2009,WD,Normal,130000,64,16
736,147,21,0,0,0,0,,,,0,7,2006,New,Partial,345000,168,19
737,215,0,0,0,0,0,,,,0,9,2009,WD,Normal,123000,215,16
738,0,0,52,0,0,0,,,,0,7,2007,WD,Normal,179200,52,18
739,149,0,0,0,0,0,,,,0,5,2008,WD,Normal,141000,149,17
740,0,0,330,0,0,0,,,,0,7,2006,ConLw,Normal,144000,330,19
741,104,26,0,0,0,0,,,,0,7,2006,WD,Normal,127000,130,19
742,192,28,0,0,0,0,,,,0,6,2007,WD,Normal,194700,220,18
743,143,20,0,0,0,0,,,,0,5,2006,WD,Normal,215000,163,19
744,239,132,0,168,0,0,,,,0,3,2006,New,Partial,320000,539,19
745,0,50,0,0,0,0,,,,0,10,2008,WD,Normal,140000,50,17
746,0,0,84,0,0,0,,GdWo,,0,7,2007,WD,Normal,125000,84,18
747,123,110,0,0,0,0,,,,0,3,2009,WD,Abnorml,220000,233,16
748,670,0,0,0,0,0,,,Shed,700,8,2008,WD,Normal,228950,670,17
749,0,28,0,0,178,0,,MnPrv,,0,10,2008,WD,Normal,165500,206,17
750,0,0,0,0,0,0,,,,0,4,2009,WD,Normal,80000,0,16
751,156,54,0,0,0,0,,,,0,9,2009,New,Partial,402861,210,16
752,0,45,0,0,0,0,,,,0,11,2009,WD,Normal,227000,45,16
753,120,33,0,0,0,0,,,,0,10,2006,WD,Normal,216837,153,19
754,0,287,0,0,0,0,,,,0,12,2009,WD,Normal,107500,287,16
755,0,0,0,0,0,0,,,,0,10,2009,WD,Normal,100000,0,16
756,140,93,0,0,0,0,,,,0,5,2007,WD,Normal,194000,233,18
757,0,40,0,0,0,0,,,,0,5,2007,WD,Normal,150000,40,18
758,171,159,0,0,0,0,,,,0,9,2008,WD,Normal,230000,330,17
759,120,26,0,0,0,0,,,,0,7,2009,WD,Normal,173000,146,16
760,0,36,0,0,0,0,,,,0,5,2009,New,Partial,287090,36,16
761,135,0,0,0,0,0,,,,0,4,2010,WD,Normal,202900,135,15
762,0,98,0,0,0,0,,MnPrv,,0,9,2008,ConLD,Abnorml,79900,98,17
763,250,63,0,0,0,0,,,,0,7,2007,New,Partial,440000,313,18
764,0,172,60,0,0,0,,,,0,9,2006,WD,Family,107000,232,19
765,173,0,0,0,0,0,,,,0,10,2009,WD,Normal,143500,173,16
766,0,54,0,0,0,0,,,,0,3,2008,WD,Normal,171900,54,17
767,0,0,0,0,0,0,,,,0,5,2010,WD,Normal,100000,0,15
768,0,169,0,0,119,0,,,,0,5,2006,WD,Normal,179900,288,19
769,0,0,0,0,99,0,,,,0,11,2007,WD,Normal,133900,99,18
770,100,48,0,0,180,0,,,,0,4,2009,WD,Normal,240000,328,16
771,0,0,129,0,0,0,,,,0,6,2006,WD,Normal,89000,129,19
772,0,319,0,0,0,0,,,,0,1,2006,COD,Normal,136500,319,19
773,409,0,0,0,0,0,,,,0,3,2008,WD,Normal,235000,409,17
774,0,64,0,0,0,0,,,,0,5,2009,WD,Normal,138000,64,16
775,366,0,112,0,0,0,,,,0,4,2010,WD,Normal,142125,478,15
776,133,168,0,0,0,0,,,,0,7,2007,WD,Normal,187500,301,18
777,216,110,0,0,0,0,,,,0,6,2007,WD,Normal,181900,326,18
778,344,0,40,0,0,0,,MnPrv,,0,5,2010,WD,Normal,140000,384,15
779,224,0,0,0,0,0,,MnWw,,0,6,2007,WD,Normal,145000,224,18
780,224,0,0,0,180,0,,,,0,2,2007,WD,Normal,175000,404,18
781,143,20,0,0,0,0,,,,0,10,2006,WD,Normal,234000,163,19
782,0,0,0,0,0,0,,,,0,7,2007,WD,Normal,109900,0,18
783,0,0,0,0,0,0,,,,0,7,2006,WD,Normal,129900,0,19
784,390,0,0,0,0,0,,,,0,7,2007,WD,Normal,139400,390,18
785,309,78,0,0,0,0,,,,0,12,2006,WD,Normal,290000,387,19
786,100,16,0,0,0,0,,,,0,9,2009,WD,Normal,160200,116,16
787,0,20,144,0,0,0,,,,0,9,2009,WD,Normal,139000,164,16
788,270,0,112,0,0,0,,GdPrv,,0,5,2007,WD,Abnorml,132000,382,18
789,0,0,0,0,192,0,,,,0,6,2008,WD,Normal,166000,192,17
790,0,24,0,0,0,0,,,,0,7,2006,New,Partial,163990,24,19
791,0,0,0,0,0,0,,MnPrv,,0,8,2008,WD,Normal,145500,0,17
792,0,110,0,0,0,0,,,,0,3,2007,WD,Abnorml,200000,110,18
793,364,17,0,0,182,0,,,,0,3,2010,WD,Normal,162000,563,15
794,0,25,0,0,0,0,,,,0,2,2008,WD,Normal,120500,25,17
795,0,0,0,0,0,0,,,,0,3,2010,WD,Family,88000,0,15
796,0,0,32,0,0,0,,,,0,6,2006,WD,Normal,79900,32,19
797,100,48,0,0,0,0,,,,0,10,2007,WD,Family,225000,148,18
798,192,80,0,0,0,0,,,,0,11,2007,New,Partial,248900,272,18
799,168,43,0,0,198,0,,,,0,8,2009,WD,Abnorml,239686,409,16
800,168,198,0,0,0,0,,,,0,6,2006,WD,Normal,190000,366,19
801,0,169,0,0,0,0,,,,0,11,2009,WD,Normal,168000,169,16
802,0,0,0,0,0,0,,,,0,1,2007,WD,Normal,132250,0,18
803,0,0,0,0,0,0,,,,0,7,2007,COD,Normal,114500,0,18
804,192,84,0,0,0,0,,,,0,12,2008,WD,Normal,250000,276,17
805,0,0,0,0,0,0,,,,0,6,2007,WD,Normal,136905,0,18
806,314,12,0,0,0,0,,GdWo,,0,5,2008,WD,Normal,381000,326,17
807,0,0,0,0,0,0,,,,0,4,2010,WD,Normal,130000,0,15
808,183,0,301,0,0,0,,,,0,5,2008,WD,Normal,189000,484,17
809,0,36,0,0,0,0,,,,0,5,2009,WD,Normal,125000,36,16
810,144,16,0,0,0,0,,,,0,6,2007,New,Partial,172500,160,18
811,144,104,0,0,0,0,,,,0,7,2008,WD,Normal,232000,248,17
812,240,32,0,0,0,0,,,,0,3,2006,WD,Abnorml,138800,272,19
813,0,0,0,0,0,0,,,,0,11,2008,WD,Normal,100000,0,17
814,0,40,0,0,0,0,,,,0,4,2006,WD,Normal,130000,40,19
815,302,0,0,0,0,0,,,,0,5,2008,WD,Normal,295000,302,17
816,325,12,0,0,0,0,,,,0,6,2010,WD,Normal,164000,337,15
817,0,0,0,0,0,0,,,,0,6,2009,WD,Normal,375000,0,16
818,200,114,0,0,0,0,,,,0,4,2006,WD,Normal,115000,314,19
819,35,0,0,0,0,0,,GdWo,,0,12,2007,WD,Normal,139000,35,18
820,0,75,0,0,0,0,,,,0,7,2007,WD,Normal,177000,75,18
821,0,0,0,0,0,0,,,,0,6,2008,COD,Abnorml,139000,0,17
822,292,44,0,182,0,0,,,,0,12,2009,WD,Normal,222000,518,16
823,0,0,0,0,152,0,,,,0,2,2009,WD,Normal,167000,152,16
824,0,0,0,0,0,0,,,,0,11,2007,New,Partial,318000,0,18
825,0,54,0,0,140,0,,,,0,6,2010,WD,Normal,212000,194,15
826,0,27,0,0,0,0,,,,0,7,2009,WD,Normal,173000,27,16
827,57,0,239,0,0,0,,MnPrv,,0,6,2008,WD,Normal,135000,296,17
828,0,168,0,0,0,0,,,,0,10,2009,WD,Normal,241000,168,16
829,132,35,0,0,0,0,,,,0,3,2006,New,Partial,202665,167,19
830,240,154,0,0,0,0,,,,0,9,2006,New,Partial,342643,394,19
831,0,0,0,0,0,0,,MnPrv,,0,5,2009,COD,Abnorml,139000,0,16
832,0,81,0,0,0,0,,,,0,6,2010,WD,Normal,221000,81,15
833,113,32,0,0,0,0,,,,0,9,2006,WD,Normal,309000,145,19
834,0,75,0,0,0,0,,,,0,7,2006,WD,Normal,180000,75,19
835,290,39,0,0,0,0,,,,0,4,2009,WD,Normal,189000,329,16
836,112,51,0,0,0,0,,GdWo,,0,6,2008,WD,Normal,179200,163,17
837,0,0,160,0,0,0,,,,0,3,2008,WD,Normal,177000,160,17
838,300,87,0,0,0,0,,,,0,7,2007,WD,Normal,201000,387,18
839,216,0,0,0,0,0,,MnWw,,0,4,2008,COD,Normal,111250,216,17
840,0,0,0,0,0,0,,,,0,8,2008,WD,Normal,179400,0,17
841,0,57,0,0,0,0,,,,0,9,2007,WD,Normal,90000,57,18
842,197,39,0,0,0,0,,,,0,6,2006,WD,Normal,241500,236,19
843,144,36,0,0,0,0,,,,0,11,2007,WD,Family,259000,180,18
844,0,291,134,0,0,0,,,,0,6,2008,WD,Normal,128000,425,17
845,0,0,0,0,0,0,,,,0,5,2009,WD,Normal,86000,0,16
846,0,0,228,0,0,0,,,,0,3,2006,WD,Family,125000,228,19
847,550,282,0,0,0,0,,,,0,7,2008,WD,Normal,272000,832,17
848,180,0,0,0,0,0,,MnPrv,,0,8,2009,WD,Normal,158000,180,16
849,0,0,0,0,385,0,,,,0,2,2010,WD,Normal,160000,385,15
850,219,0,0,0,0,0,,,,0,9,2007,WD,Normal,207500,219,18
851,42,0,0,0,0,0,,,,0,12,2006,WD,Normal,135960,42,19
852,147,16,0,0,0,0,,MnPrv,,0,10,2009,WD,Normal,137450,163,16
853,0,0,0,0,0,0,,,Shed,500,10,2006,WD,Normal,90000,0,19
854,0,0,0,0,0,0,,,,0,6,2007,WD,Normal,87000,0,18
855,0,43,0,0,0,0,,GdPrv,,0,4,2008,WD,Normal,176000,43,17
856,144,76,0,0,0,0,,,,0,7,2008,WD,Normal,178400,220,17
857,0,60,0,0,0,0,,,,0,10,2009,WD,Normal,143750,60,16
858,0,74,0,0,0,0,,,,0,12,2007,WD,Normal,315000,74,18
859,0,0,216,0,126,0,,,,0,5,2007,WD,Normal,144000,342,18
860,239,42,0,0,0,0,,MnWw,,0,7,2007,WD,Normal,187000,281,18
861,0,39,0,0,0,0,,,,0,10,2008,WD,Normal,142000,39,17
862,0,0,0,0,0,0,,,,0,7,2006,WD,Normal,80500,0,19
863,168,0,0,0,0,0,,GdPrv,,0,11,2009,WD,Normal,152000,168,16
864,0,0,0,0,0,0,,,,0,6,2007,WD,Normal,177000,0,18
865,208,50,0,0,0,0,,,,0,5,2007,WD,Normal,267000,258,18
866,264,75,291,0,0,0,,,,0,5,2007,WD,Normal,430000,630,18
867,212,0,0,0,0,0,,,,0,7,2008,WD,Normal,190000,212,17
868,0,0,0,0,0,0,,GdWo,,0,1,2007,WD,Normal,143000,0,18
869,0,88,0,0,0,0,,MnPrv,,0,7,2006,WD,Normal,153500,88,19
870,220,0,0,0,0,0,,,,0,7,2009,WD,Normal,265000,220,16
871,0,0,0,0,0,0,,,,0,5,2007,WD,Normal,135000,0,18
872,140,39,0,0,0,0,,,,0,4,2008,WD,Normal,208900,179,17
873,0,75,0,0,0,0,,,,0,5,2010,New,Partial,269500,75,15
874,0,0,0,0,0,0,,,Shed,700,3,2010,WD,Normal,149000,0,15
875,0,0,0,0,0,0,,,,0,8,2006,WD,Normal,91500,0,19
876,0,38,0,144,0,0,,,,0,5,2007,WD,Normal,210000,182,18
877,192,0,0,0,0,0,,,,0,1,2010,WD,Abnorml,97500,192,15
878,0,304,0,0,0,0,,,,0,6,2009,WD,Normal,165000,304,16
879,142,20,0,0,0,0,,,,0,4,2006,WD,Normal,213490,162,19
880,0,30,0,0,0,0,,MnPrv,,0,10,2006,WD,Normal,137900,30,19
881,0,44,0,0,0,0,,,,0,5,2010,WD,Normal,155000,44,15
882,314,140,0,0,0,0,,,,0,3,2007,WD,Normal,466500,454,18
883,210,150,0,0,0,0,,,,0,12,2009,New,Partial,244600,360,16
884,0,0,0,0,0,0,,,,0,4,2008,WD,Abnorml,110000,0,17
885,0,0,0,0,0,0,,,,0,5,2009,COD,Abnorml,112000,0,16
886,222,32,0,0,0,0,,,,0,5,2010,WD,Normal,134800,254,15
887,0,0,105,0,0,0,,,,0,1,2009,WD,Normal,119000,105,16
888,0,73,216,0,0,0,,,,0,12,2006,WD,Normal,223000,289,19
889,143,20,0,0,0,0,,,,0,5,2009,WD,Normal,192500,163,16
890,0,0,0,0,0,0,,,,0,10,2009,WD,Normal,153000,0,16
891,92,0,185,0,0,0,,,,0,4,2009,WD,Normal,98000,277,16
892,0,0,0,0,0,0,,,,0,6,2009,WD,Normal,139600,0,16
893,144,70,0,0,0,0,,,,0,6,2008,WD,Normal,187000,214,17
894,268,112,0,0,147,0,,,,0,1,2007,WD,Abnorml,178000,527,18
895,295,41,0,0,0,0,,,,0,5,2006,WD,Normal,160000,336,19
896,0,60,0,0,0,0,,,,0,3,2007,WD,Normal,148800,60,18
897,0,0,0,0,0,0,,,,0,3,2009,WD,Normal,177000,0,16
898,312,0,0,0,0,0,,,,0,10,2006,New,Partial,264561,312,19
899,0,0,0,0,0,0,,,,0,6,2009,WD,Normal,128900,0,16
900,0,24,0,0,0,0,,,,0,6,2008,ConLD,Partial,235128,24,17
901,135,112,0,0,0,0,,,,0,9,2009,New,Partial,229456,247,16
902,0,547,0,0,480,0,,MnPrv,Shed,1150,6,2008,WD,Normal,256000,1027,17
903,403,114,185,0,0,0,,,Shed,400,5,2008,WD,Normal,200000,702,17
904,0,0,0,0,0,0,,,,0,6,2008,WD,Normal,162500,0,17
905,150,0,0,0,0,0,,GdPrv,,0,5,2009,WD,Normal,124000,150,16
906,0,74,0,0,0,0,,,,0,8,2009,WD,Abnorml,95000,74,16
907,0,32,112,0,0,0,,,,0,2,2009,WD,Normal,93000,144,16
908,100,48,0,0,0,0,,,,0,9,2006,WD,Normal,195000,148,19
909,184,0,0,0,0,0,,,,0,6,2009,WD,Normal,350000,184,16
910,0,0,0,0,0,0,,,,0,8,2007,WD,Normal,145000,0,18
911,0,66,0,0,0,0,,GdWo,,0,6,2006,WD,Normal,190000,66,19
912,146,91,0,0,0,0,,,,0,6,2006,WD,Normal,200000,237,19
913,224,88,0,0,0,0,,MnPrv,,0,7,2009,WD,Normal,124500,312,16
914,0,128,0,0,0,0,,,,0,5,2007,WD,Normal,102000,128,18
915,148,36,0,0,0,0,,,,0,3,2006,WD,Normal,171750,184,19
916,0,36,0,0,0,0,,,,0,5,2010,WD,Normal,198900,36,15
917,0,0,112,0,0,0,,MnWw,,0,5,2008,WD,Normal,130000,112,17
918,0,0,96,0,0,0,,,,0,6,2010,WD,Normal,58500,96,15
919,0,24,0,0,0,0,,,,0,7,2008,WD,Normal,80000,24,17
920,857,72,0,0,0,0,,,,0,11,2006,WD,Normal,385000,929,19
921,0,102,0,0,0,0,,,,0,1,2008,New,Partial,372402,102,17
922,144,123,0,0,0,0,,,,0,7,2006,WD,Abnorml,258000,267,19
923,0,0,114,0,0,0,,,,0,4,2010,WD,Normal,122500,114,15
924,355,0,0,0,0,0,,GdWo,,0,4,2008,WD,Normal,141000,355,17
925,0,42,0,0,0,0,,,,0,5,2008,WD,Normal,237500,42,17
926,64,0,0,0,160,0,,MnPrv,,0,10,2009,COD,Abnorml,112000,224,16
927,90,0,205,0,0,0,,,,0,4,2008,WD,Abnorml,129900,295,17
928,0,130,0,0,0,0,,,,0,11,2007,WD,Normal,119200,130,18
929,0,36,0,0,0,0,,GdWo,,0,5,2008,WD,Normal,147000,36,17
930,0,0,170,0,0,0,,,,0,4,2010,WD,Normal,213500,170,15
931,144,122,0,0,0,0,,,,0,7,2007,WD,Normal,204000,266,18
932,333,0,0,0,0,0,,MnPrv,,0,10,2007,CWD,Normal,158000,333,18
933,0,28,0,0,0,0,,,,0,4,2006,WD,Abnorml,106500,28,19
934,72,0,0,0,0,0,,,,0,6,2006,WD,Normal,83000,72,19
935,0,49,0,0,0,0,,,,0,6,2007,WD,Normal,157000,49,18
936,0,68,0,0,0,0,,,,0,7,2009,WD,Normal,117000,68,16
937,0,32,0,0,0,0,,,,0,6,2007,WD,Normal,168500,32,18
938,0,0,0,0,0,0,,,,0,10,2006,WD,Normal,140200,0,19
939,220,47,0,0,0,0,,MnPrv,,0,7,2007,WD,Normal,294000,267,18
940,292,12,0,0,0,0,,GdWo,,0,7,2006,WD,Normal,151000,304,19
941,0,0,0,0,0,0,,MnPrv,,0,1,2007,WD,Normal,122000,0,18
942,0,28,0,0,0,0,,,,0,6,2008,WD,Normal,148000,28,17
943,185,140,0,0,0,0,,,,0,4,2008,WD,Normal,274000,325,17
944,261,39,0,0,0,0,,,,0,4,2010,WD,Normal,157900,300,15
945,154,210,0,0,0,0,,,,0,7,2008,WD,Normal,250000,364,17
946,0,55,0,0,200,0,,,,0,10,2008,COD,Abnorml,140000,255,17
947,202,151,0,0,0,0,,,,0,6,2009,WD,Normal,236500,353,16
948,142,0,0,0,0,0,,,,0,5,2006,ConLD,Normal,160000,142,19
949,0,0,0,0,0,0,,,,0,7,2008,WD,Normal,72500,0,17
950,0,0,0,0,288,0,,,Shed,1400,11,2008,WD,Normal,163000,288,17
951,48,0,0,0,0,0,,,,0,11,2009,WD,Normal,105000,48,16
952,168,0,0,0,0,0,,GdPrv,,0,8,2008,WD,Normal,108000,168,17
953,0,0,0,0,0,0,,,,0,10,2006,WD,AdjLand,127500,0,19
954,216,0,160,0,0,0,,MnPrv,,0,1,2006,WD,Family,105000,376,19
955,0,0,0,0,0,0,,MnPrv,,0,3,2009,WD,Normal,167000,0,16
956,0,0,0,0,0,0,,,,0,8,2008,WD,Normal,188700,0,17
957,168,27,0,0,0,0,,GdPrv,,0,6,2009,WD,Normal,173000,195,16
958,0,0,0,0,0,0,,,,0,7,2009,WD,Normal,174500,0,16
959,100,75,0,0,0,0,,,,0,2,2008,WD,Normal,184000,175,17
960,0,0,0,0,0,0,,,,0,9,2007,WD,Alloca,359100,0,18
961,144,29,0,0,0,0,,,,0,6,2009,WD,Normal,204000,173,16
962,0,48,0,0,0,0,,,,0,8,2007,WD,Normal,162000,48,18
963,250,0,0,0,0,0,,,,0,7,2009,WD,Normal,336000,250,16
964,0,16,552,0,0,512,Ex,GdPrv,,0,3,2006,WD,Abnorml,235000,1080,19
965,0,188,0,0,0,0,,,,0,3,2006,WD,Normal,118500,188,19
966,288,117,0,0,0,0,,,,0,3,2008,WD,Normal,192000,405,17
967,0,250,0,0,0,0,,,,0,3,2006,WD,Normal,235000,250,19
968,0,28,0,0,0,0,,,,0,6,2006,WD,Normal,176500,28,19
969,120,30,0,0,224,0,,,,0,12,2008,WD,Normal,245500,374,17
970,0,0,0,0,130,0,,,,0,6,2008,WD,Normal,136000,130,17
971,192,23,0,0,0,0,,,,0,5,2006,WD,Normal,200000,215,19
972,0,0,126,0,0,0,,,,0,5,2006,COD,Normal,112000,126,19
973,290,0,0,0,0,0,,,,0,2,2010,WD,Normal,128000,290,15
974,0,60,112,0,0,0,,,,0,4,2006,WD,Normal,137000,172,19
975,0,112,0,0,440,519,Fa,MnPrv,TenC,2000,7,2006,WD,Normal,250000,1071,19
976,253,170,0,0,0,0,,,,0,6,2006,WD,Normal,274300,423,19
977,0,0,96,0,0,0,,,,0,6,2008,WD,Normal,120500,96,17
978,216,231,0,0,0,0,,,,0,6,2007,WD,Normal,240000,447,18
979,212,59,0,0,0,0,,,,0,10,2009,WD,Normal,278000,271,16
980,0,418,0,0,312,0,,,,0,7,2006,WD,Abnorml,170000,730,19
981,108,0,0,0,0,0,,,,0,3,2006,New,Partial,167240,108,19
982,0,235,0,0,0,0,,,,0,5,2007,WD,Normal,226000,235,18
983,298,0,0,0,0,0,,,,0,5,2007,WD,Normal,181500,298,18
984,120,184,0,0,168,0,,,,0,10,2007,New,Partial,383970,472,18
985,416,144,0,0,0,0,,MnPrv,,0,4,2010,WD,Normal,138500,560,15
986,0,25,212,0,0,0,,,,0,4,2008,WD,Normal,163000,237,17
987,421,0,0,0,0,0,,MnPrv,,0,7,2006,WD,Abnorml,119900,421,19
988,128,0,0,0,0,0,,,,0,4,2010,WD,Normal,139000,128,15
989,198,150,0,0,0,0,,,,0,8,2006,WD,Normal,275000,348,19
990,0,0,0,0,0,0,,,,0,9,2008,WD,Normal,118000,0,17
991,0,0,96,0,0,0,,,,0,4,2008,WD,Abnorml,119000,96,17
992,262,36,0,0,0,0,,,,0,8,2008,WD,Normal,301500,298,17
993,0,0,180,0,0,0,,MnPrv,,0,4,2008,WD,Normal,137500,180,17
994,0,0,0,0,0,0,,,,0,5,2008,WD,Normal,186500,0,17
995,0,96,0,0,0,0,,,,0,7,2009,WD,Normal,99900,96,16
996,192,20,123,0,0,0,,MnPrv,,0,12,2008,WD,Normal,155000,335,17
997,208,46,0,0,0,0,,,,0,12,2007,WD,Normal,270000,254,18
998,0,124,216,0,0,0,,,,0,6,2010,WD,Normal,155000,340,15
999,0,0,0,0,0,0,,MnPrv,,0,12,2008,WD,Abnorml,109900,0,17
1000,0,0,0,0,288,0,,,,0,9,2009,WD,Normal,150500,288,16
1001,28,0,0,0,0,0,,,,0,4,2010,WD,Normal,99500,28,15
1002,0,0,189,0,0,0,,,,0,3,2010,WD,Normal,153000,189,15
1003,192,0,0,0,0,0,,,,0,4,2009,WD,Family,82500,192,16
1004,0,0,259,0,0,0,,,,0,4,2008,WD,Normal,129500,259,17
1005,586,236,0,0,0,738,Gd,GdPrv,,0,8,2006,WD,Alloca,274970,1560,19
1006,178,128,0,0,0,0,,,,0,7,2008,WD,Normal,165400,306,17
1007,402,25,0,0,0,0,,,,0,8,2007,WD,Normal,215000,427,18
1008,0,50,0,0,204,0,,MnPrv,,0,4,2010,WD,Normal,171000,254,15
1009,0,312,40,0,0,0,,,,0,3,2007,WD,Normal,143250,352,18
1010,96,0,112,0,53,0,,,,0,8,2007,WD,Normal,165000,261,18
1011,268,0,0,0,122,0,,MnWw,,0,5,2006,WD,Normal,141000,390,19
1012,0,0,56,0,0,0,,,,0,7,2009,WD,Abnorml,159434,56,16
1013,160,68,240,0,0,0,,,,0,5,2006,WD,Abnorml,164500,468,19
1014,125,185,0,0,0,0,,,,0,3,2009,WD,Normal,280000,310,16
1015,0,0,264,0,0,0,,MnPrv,,0,1,2007,WD,Normal,122000,264,18
1016,229,0,0,0,0,0,,,,0,6,2006,WD,Normal,120000,229,19
1017,239,60,0,0,0,0,,,,0,8,2007,WD,Normal,315750,299,18
1018,0,0,19,0,0,0,,,,0,3,2007,WD,Normal,220000,19,18
1019,270,68,0,0,0,0,,,,0,3,2009,WD,Normal,315000,338,16
1020,379,36,0,0,0,0,,MnPrv,,0,3,2010,WD,Normal,158000,415,15
1021,240,56,154,0,0,0,,,,0,3,2010,WD,Normal,260400,450,15
1022,0,84,0,0,120,0,,,,0,3,2008,WD,Normal,171000,204,17
1023,0,132,0,0,0,0,,,,0,3,2007,WD,Normal,132500,132,18
1024,232,63,0,0,0,0,,,Shed,480,4,2009,WD,Normal,185000,295,16
1025,252,64,0,0,0,0,,,,0,6,2008,WD,Normal,176000,316,17
1026,72,36,0,0,144,0,,,,0,7,2008,WD,Normal,185000,252,17
1027,144,68,0,0,0,0,,,,0,8,2008,COD,Abnorml,181000,212,17
1028,120,55,0,0,0,0,,GdPrv,,0,12,2007,WD,Normal,179000,175,18
1029,0,0,0,0,0,0,,GdPrv,,0,7,2009,WD,Normal,132500,0,16
1030,243,0,0,0,0,0,,,,0,7,2009,WD,Normal,172500,243,16
1031,0,0,0,0,0,0,,,,0,5,2009,WD,Normal,97000,0,16
1032,0,30,0,0,0,0,,,,0,3,2007,WD,Normal,143900,30,18
1033,0,0,0,0,0,0,,MnPrv,Shed,1200,7,2007,WD,Normal,106500,0,18
1034,143,46,0,0,0,0,,,Shed,500,10,2008,WD,Normal,194500,189,17
1035,0,0,0,0,0,0,,,,0,8,2009,WD,Normal,109500,0,16
1036,0,168,0,0,0,0,,,,0,7,2007,WD,Normal,169500,168,18
1037,228,66,156,0,0,0,,MnPrv,Shed,500,3,2010,WD,Normal,196500,450,15
1038,0,78,0,0,0,0,,,,0,7,2008,WD,Normal,155000,78,17
1039,0,56,0,0,0,0,,,,0,6,2007,New,Partial,248328,56,18
1040,0,0,0,0,0,0,,,,0,4,2007,WD,Normal,105000,0,18
1041,269,111,0,0,0,0,,MnPrv,,0,7,2009,WD,Normal,345000,380,16
1042,160,122,0,0,0,0,,,,0,11,2009,WD,Normal,261500,282,16
1043,117,0,0,0,0,0,,,,0,2,2010,WD,Normal,116500,117,15
1044,96,0,0,0,0,0,,,Shed,500,11,2009,WD,Normal,120500,96,16
1045,257,45,0,0,0,0,,,,0,7,2007,WD,Normal,285000,302,18
1046,0,0,77,0,0,0,,,Shed,400,5,2010,COD,Abnorml,83000,77,15
1047,0,0,0,0,0,0,,GdWo,,0,6,2006,WD,Family,118000,0,19
1048,0,0,0,0,0,0,,,,0,3,2008,WD,Normal,115000,0,17
1049,0,0,184,0,0,0,,GdPrv,Shed,400,4,2007,WD,Normal,140000,184,18
1050,0,0,0,0,0,0,,,,0,5,2009,WD,Normal,154000,0,16
1051,192,36,0,0,0,0,,,,0,6,2006,WD,Normal,185850,228,19
1052,0,0,0,0,0,0,,,,0,11,2006,WD,Normal,222000,0,19
1053,0,0,0,0,0,0,,,,0,5,2006,WD,Normal,135000,0,19
1054,132,64,0,0,0,0,,,,0,3,2010,WD,Normal,140000,196,15
1055,0,96,180,0,0,0,,MnPrv,,0,7,2006,WD,Normal,180000,276,19
1056,0,20,0,0,0,0,,,,0,10,2007,New,Partial,200141,20,18
1057,0,138,0,0,0,0,,GdWo,,0,12,2006,WD,Abnorml,160000,138,19
1058,63,0,0,0,0,0,,,,0,8,2009,COD,Abnorml,187500,63,16
1059,0,0,120,0,0,0,,,,0,4,2010,WD,Normal,148000,120,15
1060,113,0,0,0,0,0,,,,0,6,2010,New,Partial,394432,113,15
1061,0,0,0,0,0,0,,MnPrv,,0,2,2010,WD,Normal,122000,0,15
1062,0,0,0,0,0,0,,,,0,4,2007,WD,AdjLand,126000,0,18
1063,125,192,0,0,0,0,,,,0,6,2009,WD,Normal,215000,317,16
1064,0,0,0,0,0,0,,,,0,6,2008,WD,Normal,138000,0,17
1065,0,0,0,0,0,0,,,,0,5,2007,WD,Normal,129000,0,18
1066,120,96,0,0,0,0,,,,0,5,2010,WD,Normal,83500,216,15
1067,0,0,0,0,287,0,,,,0,6,2008,WD,Normal,155000,287,17
1068,0,0,280,0,0,0,,,,0,7,2006,WD,Abnorml,230000,280,19
1069,220,114,210,0,0,0,,,,0,8,2008,WD,Normal,106250,544,17
1070,576,36,0,0,0,0,,GdPrv,,0,2,2009,WD,Normal,219500,612,16
1071,0,213,176,0,0,0,,GdWo,,0,5,2008,WD,Normal,157000,389,17
1072,0,0,0,0,0,0,,GdPrv,,0,4,2006,WD,Normal,250000,0,19
1073,0,58,0,0,0,0,,MnPrv,,0,11,2009,WD,Normal,154000,58,16
1074,0,0,0,0,0,0,,,,0,5,2006,New,Partial,172785,0,19
1075,100,63,0,0,0,0,,,,0,6,2009,WD,Normal,179000,163,16
1076,0,0,0,140,0,0,,MnPrv,,0,8,2009,WD,Normal,135000,140,16
1077,0,128,0,0,180,0,,,,0,7,2009,WD,Normal,337000,308,16
1078,139,98,0,0,0,0,,,,0,4,2008,WD,Normal,210000,237,17
1079,120,0,0,0,0,0,,,,0,5,2007,WD,Normal,146800,120,18
1080,436,21,0,0,0,0,,,Shed,500,4,2006,WD,Normal,170000,457,19
1081,192,0,0,0,0,0,,MnPrv,Shed,400,6,2010,WD,Normal,148000,192,15
1082,192,74,0,0,0,0,,,,0,12,2008,WD,Normal,214000,266,17
1083,0,0,0,0,0,0,,,,0,5,2006,WD,Normal,128500,0,19
1084,120,0,0,0,0,0,,GdPrv,,0,3,2006,WD,Normal,142500,120,19
1085,115,66,0,0,0,0,,,,0,6,2009,WD,Normal,203000,181,16
1086,0,0,0,0,0,0,,,,0,7,2007,WD,Normal,137000,0,18
1087,0,0,0,0,0,0,,,,0,9,2007,WD,Normal,175500,0,18
1088,0,60,0,0,0,0,,GdPrv,Shed,2500,5,2010,WD,Normal,266500,60,15
1089,0,34,0,0,0,0,,,,0,5,2010,WD,Normal,224900,34,15
1090,370,30,0,0,0,0,,GdPrv,,0,5,2007,WD,Normal,148000,400,18
1091,0,57,0,0,63,0,,MnPrv,,0,8,2006,WD,Abnorml,121600,120,19
1092,238,83,0,0,0,0,,MnPrv,,0,2,2008,WD,Normal,171500,321,17
1093,400,0,0,0,0,0,,,,0,3,2008,WD,Normal,412500,400,17
1094,0,23,112,0,0,0,,,,0,1,2009,WD,Normal,103000,135,16
1095,0,0,0,0,0,0,,,,0,7,2006,New,Partial,164990,0,19
1096,324,100,0,0,0,0,,,,0,7,2006,New,Partial,361919,424,19
1097,49,0,0,0,0,0,,,,0,8,2007,WD,Normal,140000,49,18
1098,0,66,136,0,0,0,,,,0,5,2010,WD,Normal,128000,202,15
1099,105,54,0,0,0,0,,,,0,7,2006,New,Partial,194000,159,19
1100,96,0,0,0,0,0,,MnPrv,,0,3,2007,WD,Normal,112500,96,18
1101,0,0,0,0,0,0,,,,0,4,2007,WD,Normal,106000,0,18
1102,0,34,0,508,0,0,,,,0,5,2009,WD,Normal,180500,542,16
1103,203,47,0,0,0,0,,,,0,8,2007,WD,Normal,277500,250,18
1104,0,247,0,0,0,0,,,,0,6,2009,WD,Normal,162000,247,16
1105,0,0,116,0,0,0,,,,0,10,2008,WD,Normal,161000,116,17
1106,149,0,0,0,0,0,,,,0,5,2008,WD,Normal,149300,149,17
1107,219,36,0,0,0,0,,,,0,9,2006,WD,Normal,235000,255,19
1108,0,0,0,0,0,0,,GdWo,,0,12,2006,WD,Abnorml,98600,0,19
1109,0,36,0,0,0,0,,,,0,3,2007,New,Partial,156932,36,18
1110,154,0,0,0,0,0,,,,0,6,2009,WD,Alloca,142953,154,16
1111,0,40,0,0,0,0,,,,0,7,2006,WD,Normal,268000,40,19
1112,0,262,0,0,0,0,,,,0,5,2010,WD,Normal,232000,262,15
1113,144,59,0,0,0,0,,,,0,7,2006,New,Partial,221500,203,19
1114,58,42,0,0,0,0,,,,0,8,2007,WD,Normal,110500,100,18
1115,160,33,0,0,0,0,,,,0,8,2007,New,Partial,279500,193,18
1116,100,51,0,0,0,0,,,,0,7,2009,WD,Normal,188500,151,16
1117,179,60,0,0,0,0,,,,0,6,2006,WD,Normal,275000,239,19
1118,296,0,0,0,0,0,,GdWo,,0,10,2009,WD,Abnorml,125000,296,16
1119,0,44,0,0,0,0,,,,0,6,2006,New,Partial,140000,44,19
1120,476,0,0,0,142,0,,GdWo,,0,11,2009,COD,Normal,190000,618,16
1121,0,0,254,0,0,0,,,,0,3,2008,WD,Normal,140000,254,17
1122,240,154,0,0,0,0,,,,0,11,2006,New,Partial,325300,394,19
1123,0,27,0,0,0,0,,,,0,7,2008,WD,Normal,98300,27,17
1124,60,84,0,0,273,0,,GdPrv,,0,5,2008,WD,Normal,201800,417,17
1125,0,166,0,0,0,0,,,,0,6,2006,WD,Normal,151000,166,19
1126,144,76,0,0,0,0,,,,0,5,2010,WD,Normal,378500,220,15
1127,144,0,0,0,0,0,,,,0,7,2008,WD,Normal,108000,144,17
1128,140,0,0,0,0,0,,,,0,3,2008,WD,Normal,136500,140,17
1129,144,105,0,0,0,0,,,,0,8,2007,New,Partial,227875,249,18
1130,0,0,0,0,0,0,,,,0,4,2007,WD,Normal,132000,0,18
1131,0,120,0,0,224,0,,,,0,8,2008,WD,Normal,286000,344,17
1132,153,50,0,0,0,0,,,,0,4,2006,WD,Normal,165000,203,19
1133,156,158,0,0,0,0,,,,0,7,2008,WD,Normal,196000,314,17
1134,324,42,0,0,168,0,,,Shed,2000,6,2009,WD,Normal,164900,534,16
1135,192,39,0,0,0,0,,,,0,9,2007,WD,Normal,192000,231,18
1136,96,48,0,0,0,0,,,,0,8,2007,WD,Normal,251000,144,18
1137,0,0,34,0,0,0,,MnPrv,,0,10,2008,WD,Normal,147000,34,17
1138,181,0,386,0,0,0,,,,0,5,2009,WD,Normal,265979,567,16
1139,138,45,0,0,0,0,,,,0,12,2008,WD,Normal,173000,183,17
1140,0,0,205,0,0,0,,GdPrv,,0,6,2007,WD,Normal,139400,205,18
1141,0,20,0,0,0,0,,,,0,3,2006,WD,Normal,52500,20,19
1142,0,0,248,0,0,0,,,,0,7,2009,WD,Normal,110000,248,16
1143,0,263,0,0,263,0,,,,0,5,2007,WD,Normal,186700,526,18
1144,100,150,0,0,0,0,,,,0,4,2010,WD,Normal,201000,250,15
1145,0,0,0,0,0,0,,,,0,8,2007,WD,Normal,145000,0,18
1146,0,0,0,0,0,0,,MnPrv,,0,5,2007,WD,Normal,125000,0,18
1147,146,20,0,0,144,0,,,,0,4,2010,WD,Normal,192000,310,15
1148,0,60,0,0,0,0,,,,0,7,2008,New,Partial,227680,60,17
1149,0,66,0,304,0,0,,,,0,11,2008,New,Partial,394617,370,17
1150,495,72,0,0,0,0,,,,0,7,2008,WD,Normal,266000,567,17
1151,503,36,0,0,210,0,,,,0,6,2010,WD,Normal,538000,749,15
1152,0,0,0,0,0,0,,,,0,5,2009,WD,Normal,100000,0,16
1153,105,66,0,0,0,0,,GdPrv,,0,5,2006,WD,Normal,226000,171,19
1154,0,77,0,0,0,0,,,,0,6,2010,WD,Normal,200500,77,15
1155,0,200,0,0,0,0,,,,0,6,2009,WD,Normal,118000,200,16
1156,0,0,50,0,0,0,,,,0,6,2010,WD,Normal,160000,50,15
1157,0,234,0,0,0,0,,,,0,6,2009,New,Partial,164500,234,16
1158,155,0,0,0,0,0,,,,0,11,2007,WD,Normal,119000,155,18
1159,0,0,0,0,0,0,,,,0,3,2006,WD,Abnorml,142500,0,19
1160,0,0,0,0,176,0,,GdWo,,0,4,2007,WD,Normal,167000,176,18
1161,0,0,140,0,0,0,,MnPrv,,0,6,2007,WD,Normal,100000,140,18
1162,474,120,0,0,0,0,,MnPrv,,0,7,2009,WD,Normal,278000,594,16
1163,0,22,0,0,0,0,,,,0,3,2007,WD,Normal,176432,22,18
1164,431,44,0,0,0,0,,MnPrv,,0,12,2009,WD,Normal,135000,475,16
1165,0,0,0,0,0,0,,,,0,4,2006,WD,Normal,115000,0,19
1166,0,240,0,0,0,0,,GdPrv,,0,6,2007,WD,Normal,189950,240,18
1167,143,20,0,0,0,0,,,,0,6,2009,WD,Normal,174000,163,16
