WoodDeckSF,OpenPorchSF,EnclosedPorch,3SsnPorch,ScreenPorch,PoolArea,PoolQC,Fence,MiscFeature,MiscVal,MoSold,YrSold,SaleType,SaleCondition,SalePrice
250,0,0,0,0,0,,,,0,6,2010,WD,Normal,145000
0,40,0,0,0,0,,,,0,5,2009,WD,Normal,178000
328,0,164,0,0,0,,MnPrv,,0,5,2008,WD,Normal,85000
0,0,264,0,0,0,,MnPrv,,0,6,2007,WD,Normal,175000
0,0,242,0,0,0,,,,0,5,2010,WD,Normal,127000
256,0,0,0,0,0,,GdWo,,0,7,2006,WD,Abnorml,149900
100,38,0,0,0,0,,,,0,3,2009,WD,Normal,174000
0,96,0,0,0,0,,MnPrv,,0,5,2010,WD,Normal,125500
276,0,0,0,0,0,,GdPrv,,0,6,2008,WD,Normal,175500
168,130,0,0,0,0,,,,0,6,2007,New,Partial,225000
0,0,252,0,0,0,,,,0,5,2007,WD,Normal,129000
0,0,0,0,0,0,,GdWo,,0,6,2006,WD,Normal,159950
0,0,0,0,0,0,,,,0,4,2009,COD,Abnorml,157000
0,42,0,0,189,0,,,,0,10,2009,WD,Normal,205000
0,0,0,0,0,0,,,,0,7,2006,COD,Normal,140000
120,46,0,0,0,0,,,,0,12,2009,ConLI,Normal,200000
166,120,192,0,0,0,,MnPrv,,0,10,2007,COD,Abnorml,217000
140,50,0,0,0,0,,MnPrv,,0,6,2008,WD,Normal,125000
252,0,0,0,0,0,,MnPrv,,0,7,2009,WD,Normal,159500
192,0,0,0,0,0,,,,0,11,2008,WD,Normal,184000
0,0,112,0,0,0,,MnPrv,,0,6,2007,WD,Normal,96500
0,0,0,0,0,0,,,,0,8,2009,WD,Normal,200000
0,0,0,0,0,0,,,,0,8,2006,WD,Family,149000
0,72,0,0,0,0,,,,0,7,2007,New,Partial,178900
0,41,0,0,0,0,,,,0,8,2009,WD,Normal,184900
0,54,0,0,0,0,,,,0,6,2007,New,Partial,164700
0,207,162,0,0,0,,,,0,5,2010,WD,Normal,335000
0,0,0,0,0,0,,,,0,5,2006,WD,Normal,87500
0,114,0,0,0,0,,,,0,9,2009,New,Partial,233170
0,65,0,0,0,0,,MnPrv,,0,6,2008,WD,Normal,149350
0,28,0,0,0,0,,,Othr,0,9,2009,WD,Normal,133000
0,0,96,0,0,0,,,,0,4,2008,WD,Normal,98000
384,131,0,0,0,0,,,,0,5,2006,WD,Normal,207500
120,78,0,0,0,0,,GdWo,,0,6,2009,WD,Normal,150000
120,0,0,0,0,0,,,,0,4,2009,WD,Normal,134900
216,121,0,0,0,0,,,,0,8,2006,New,Partial,187750
0,0,0,162,0,0,,,,0,2,2009,WD,Normal,149500
0,0,0,0,0,0,,,Shed,0,7,2006,Oth,Abnorml,116050
120,0,0,0,0,0,,,,0,6,2009,WD,Alloca,153337
511,116,0,0,0,0,,GdPrv,,0,6,2008,WD,Normal,165000
0,0,0,0,0,0,,MnPrv,,0,10,2008,WD,Normal,130500
0,0,0,0,0,0,,,,0,11,2008,WD,Alloca,206300
0,102,0,0,0,0,,,,0,2,2008,WD,Abnorml,146000
74,0,0,0,0,0,,,,0,7,2007,COD,Normal,126500
242,0,81,0,0,0,,,,0,11,2007,WD,Normal,139000
0,0,102,0,0,0,,,,0,6,2009,New,Partial,113000
0,8,128,0,0,0,,,,0,4,2008,WD,Normal,79000
0,120,0,0,0,0,,,,0,12,2008,New,Partial,182000
224,84,0,0,0,0,,,,0,6,2008,WD,Normal,188000
194,0,0,0,0,0,,,,0,7,2007,WD,Normal,129000
0,0,228,0,0,0,,,,0,7,2006,WD,Normal,160000
0,36,0,0,0,0,,GdPrv,,0,7,2008,COD,Abnorml,174000
100,17,0,0,0,0,,,,0,11,2006,New,Partial,219210
168,52,0,0,0,0,,,,0,4,2009,WD,Normal,310000
206,49,0,0,0,0,,,,0,8,2006,WD,Normal,374000
0,0,184,0,0,0,,,,0,7,2007,WD,Normal,100000
0,65,0,0,222,0,,,,0,8,2006,WD,Normal,250000
88,0,0,0,0,0,,,,0,5,2006,WD,Normal,145000
105,502,0,0,0,0,,,,0,7,2008,WD,Normal,325000
414,84,0,0,0,0,,,,0,3,2007,WD,Normal,380000
128,53,0,0,155,0,,,,0,1,2008,WD,Normal,275000
165,26,0,0,0,0,,,,0,5,2006,WD,Normal,180000
160,33,0,0,0,0,,,,0,2,2010,WD,Normal,245350
0,0,0,0,0,0,,,Gar2,15500,4,2007,WD,Normal,151500
150,72,0,0,0,0,,,,0,5,2006,WD,Normal,134500
0,0,176,0,0,0,,,,0,5,2010,WD,Normal,94000
0,96,0,0,0,0,,,,0,1,2010,WD,Normal,216000
236,46,0,0,0,0,,,,0,8,2008,WD,Normal,350000
0,224,0,0,0,0,,,,0,6,2007,WD,Normal,195000
0,28,0,0,0,0,,,,0,4,2009,WD,Normal,120000
192,87,0,0,0,0,,,,0,8,2007,WD,Normal,228500
168,98,0,0,0,0,,,,0,1,2009,WD,Normal,248000
0,88,0,0,0,0,,,,0,8,2008,COD,Normal,124000
156,20,0,0,0,0,,,,0,5,2008,WD,Normal,191000
265,0,0,0,0,648,Fa,GdPrv,,0,1,2006,WD,Normal,181000
0,0,0,0,0,0,,MnPrv,,0,10,2009,WD,Normal,105000
0,0,36,0,0,0,,GdWo,Shed,600,8,2007,WD,Normal,139900
0,0,275,0,0,0,,,Shed,500,4,2007,COD,Normal,157900
0,0,0,0,0,0,,,,0,5,2008,WD,Normal,130500
100,40,0,0,0,0,,,,0,1,2006,WD,Normal,172400
0,50,0,0,0,0,,MnPrv,,0,2,2007,WD,Normal,130000
100,35,0,0,0,0,,,,0,10,2006,WD,Normal,178000
0,0,0,0,197,0,,,,0,9,2009,WD,Normal,161500
0,0,0,0,271,0,,MnPrv,,0,5,2006,WD,Normal,119900
0,0,0,0,0,0,,,,0,7,2006,WD,Normal,239000
0,122,0,0,0,0,,MnPrv,,0,1,2010,COD,Normal,190000
0,0,0,0,0,0,,,,0,7,2008,COD,Abnorml,85400
168,68,0,0,0,0,,,,0,2,2010,WD,Normal,205000
120,0,158,0,0,0,,,,0,6,2007,WD,Normal,134000
439,0,0,0,0,0,,,,0,3,2007,WD,Normal,168000
95,75,0,0,0,0,,,,0,6,2006,WD,Normal,185000
227,0,0,0,0,0,,,,0,4,2010,WD,Normal,180500
289,0,0,0,0,0,,MnPrv,,0,6,2007,WD,Normal,152000
182,81,0,0,0,0,,,,0,9,2006,WD,Normal,215000
0,0,0,0,0,0,,,,0,5,2009,WD,Normal,153000
40,156,0,0,0,0,,MnPrv,,0,11,2009,WD,Normal,106000
159,214,0,0,0,0,,,,0,12,2007,WD,Normal,340000
0,0,0,0,128,0,,GdPrv,,0,6,2006,WD,Normal,159000
0,0,112,0,0,0,,,,0,7,2008,WD,Normal,120000
0,0,0,0,0,0,,GdPrv,,0,11,2009,WD,Normal,115000
0,205,0,0,0,0,,,,0,2,2007,WD,Normal,128000
0,108,0,0,260,0,,,,0,7,2007,New,Partial,314813
0,0,0,0,160,0,,,,0,1,2009,WD,Normal,131000
126,66,0,0,0,0,,,,0,11,2008,New,Partial,446261
0,0,0,0,120,0,,,,0,11,2007,WD,Normal,127500
0,0,0,0,0,0,,,,0,6,2009,WD,Normal,155000
0,26,0,0,0,0,,,,0,8,2007,WD,Normal,177500
237,0,0,0,0,0,,,,0,5,2007,WD,Normal,128500
100,24,0,0,0,0,,,,0,7,2008,WD,Normal,176000
517,76,0,0,0,0,,,,0,7,2009,WD,Normal,402000
0,192,0,0,0,0,,,,0,11,2008,WD,Abnorml,130000
0,0,0,0,0,0,,MnPrv,,0,7,2008,WD,Normal,145000
0,80,120,0,0,0,,,,0,7,2009,WD,Normal,147000
0,0,0,0,0,0,,,,0,4,2010,ConLI,Normal,115000
140,60,0,0,0,0,,,,0,6,2010,WD,Normal,189000
0,0,0,0,0,0,,,,0,6,2007,WD,Normal,143000
38,243,0,0,0,0,,,,0,6,2008,WD,Normal,240000
172,62,0,0,0,0,,,,0,7,2009,WD,Normal,230000
240,39,0,0,0,0,,,,0,6,2010,WD,Normal,190000
0,35,0,144,0,0,,,,0,5,2010,WD,Normal,213000
164,0,0,0,0,0,,,,0,12,2009,WD,Normal,82500
0,26,0,0,170,0,,,,0,1,2009,WD,Normal,274900
0,0,0,0,0,0,,,,0,6,2008,WD,Normal,155000
192,267,0,0,0,0,,,,0,1,2006,New,Partial,423000
0,0,0,0,0,0,,,,0,6,2006,WD,Normal,128500
0,102,0,0,0,0,,,,0,7,2009,WD,Normal,335000
0,114,192,0,0,0,,GdPrv,,0,7,2006,WD,Normal,262000
0,0,0,0,0,0,,,,0,2,2008,WD,Normal,129500
144,48,0,0,0,0,,,,0,5,2010,WD,Normal,222500
0,30,0,0,216,0,,,,0,4,2006,WD,Normal,270000
172,62,0,0,0,0,,,,0,4,2009,ConLw,Normal,207500
224,0,0,0,0,0,,,,0,6,2007,WD,Normal,175000
72,192,224,0,0,0,,GdPrv,,0,11,2007,WD,Normal,238000
0,184,0,0,0,0,,,,0,3,2008,WD,Normal,135900
192,35,0,0,0,0,,,,0,6,2010,New,Partial,224000
100,0,0,0,0,0,,,,0,12,2007,WD,Normal,170000
0,113,0,0,0,0,,,,0,10,2009,WD,Normal,185000
182,182,0,0,0,0,,,,0,11,2009,WD,Normal,263000
0,0,236,0,0,0,,GdWo,,0,12,2009,WD,Normal,62383
0,80,0,180,0,0,,MnWw,,0,7,2006,WD,Abnorml,150000
0,0,0,0,0,0,,,,0,1,2007,WD,Normal,171000
0,0,0,0,0,0,,,,0,8,2007,WD,Normal,139000
142,98,0,0,0,0,,,,0,7,2006,WD,Normal,126175
0,0,0,0,0,0,,,,0,5,2008,WD,Normal,205950
0,46,0,0,0,0,,GdPrv,Shed,800,8,2009,ConLI,Normal,110000
144,78,0,0,0,0,,,,0,7,2009,New,Partial,485000
98,0,0,0,0,0,,MnPrv,,0,5,2008,WD,Normal,174000
0,28,0,0,0,0,,,,0,5,2006,WD,Normal,145000
169,45,0,0,0,0,,,,0,6,2010,Con,Normal,215200
0,191,0,0,0,0,,,,0,3,2007,WD,Normal,320000
158,61,0,0,0,0,,,,0,4,2009,ConLw,Normal,212000
176,0,0,0,0,0,,GdPrv,,0,6,2008,WD,Normal,168500
635,104,0,0,0,0,,GdPrv,Shed,400,5,2010,WD,Normal,189000
280,34,0,0,0,0,,,,0,12,2008,WD,Normal,140000
315,44,0,0,0,0,,,,0,7,2006,WD,Normal,187500
0,136,0,0,0,0,,GdWo,,0,5,2010,WD,Normal,254900
0,0,0,0,0,0,,,,0,7,2008,WD,Normal,135000
180,0,0,0,80,0,,,,0,7,2008,WD,Normal,151000
0,0,0,0,0,0,,,,0,6,2008,WD,Normal,112500
0,100,0,0,0,0,,GdPrv,,0,6,2008,WD,Normal,184000
136,63,0,0,0,0,,,,0,8,2009,WD,Normal,197000
120,0,0,0,0,0,,,,0,11,2009,WD,Normal,161500
0,30,226,0,0,0,,,,0,6,2009,WD,Normal,85000
264,98,0,0,0,0,,,,0,1,2007,New,Partial,203000
144,39,0,0,0,0,,,,0,6,2008,WD,Normal,325000
253,142,0,0,0,0,,,,0,5,2009,WD,Normal,313000
0,211,0,0,0,0,,,,0,3,2008,WD,Normal,237000
0,0,126,0,0,0,,GdPrv,,0,7,2007,WD,Normal,180500
0,0,120,0,0,0,,,,0,7,2006,WD,Normal,137000
0,0,34,0,0,0,,MnPrv,,0,3,2007,WD,Normal,90350
40,0,0,0,0,0,,,,0,7,2006,WD,Normal,150900
158,29,0,0,0,0,,,,0,8,2006,WD,Normal,214000
0,0,0,0,95,0,,,,0,5,2010,WD,Normal,121500
171,78,0,0,0,555,Ex,MnPrv,,0,7,2007,WD,Abnorml,745000
0,0,0,0,276,0,,,,0,11,2007,WD,Normal,190000
156,0,0,0,0,0,,,,0,5,2009,WD,Normal,181000
0,0,0,0,0,0,,,,0,6,2009,COD,Abnorml,60000
288,136,0,0,0,0,,,,0,5,2009,WD,Normal,239000
0,32,0,0,0,0,,,,0,5,2007,WD,Normal,118500
0,0,0,0,0,0,,,,0,6,2006,WD,Normal,109500
0,0,0,0,0,0,,MnPrv,,0,4,2008,WD,Normal,110000
0,0,0,0,0,0,,,,0,6,2008,WD,Normal,105500
89,0,0,0,0,0,,,,0,7,2006,WD,Normal,199900
84,70,0,0,0,0,,,,0,6,2009,WD,Normal,271900
0,0,0,0,0,0,,,,0,4,2010,WD,Normal,131500
0,0,108,0,0,0,,,,0,8,2008,WD,Normal,135000
0,130,112,0,0,0,,MnPrv,,0,4,2008,WD,Normal,119000
364,63,0,0,0,0,,MnPrv,,0,11,2008,WD,Normal,215000
0,0,0,0,0,0,,,,0,8,2009,WD,Normal,133500
272,0,42,0,116,0,,,,0,3,2010,WD,Normal,169000
120,0,0,0,0,0,,MnPrv,,0,5,2010,WD,Abnorml,137500
0,30,0,0,0,0,,,,0,12,2007,New,Partial,147000
208,59,0,0,0,0,,,,0,4,2006,WD,Normal,232000
0,0,0,0,0,0,,,,0,6,2007,WD,Normal,156000
240,38,0,0,0,0,,,,0,4,2006,WD,Normal,170000
158,0,0,0,0,0,,,,0,3,2009,WD,Normal,82500
256,0,0,0,0,0,,MnPrv,,0,4,2009,WD,Normal,155000
125,144,0,0,0,0,,,,0,4,2007,New,Partial,424870
237,152,0,0,0,0,,,,0,3,2010,WD,Normal,236500
0,21,0,0,180,0,,,,0,7,2007,WD,Normal,218000
74,234,0,0,0,0,,,,0,10,2009,WD,Normal,213000
270,78,0,0,0,0,,,,0,5,2006,WD,Normal,312500
113,100,0,0,0,0,,,,0,8,2007,WD,Normal,187000
0,103,0,0,0,0,,,,0,6,2009,WD,Normal,181000
0,45,0,0,0,0,,,,0,1,2010,WD,Normal,233000
48,0,0,0,0,0,,,,0,3,2008,ConLw,Normal,95000
0,0,0,0,0,0,,,,0,7,2008,WD,Normal,52000
192,0,0,0,0,0,,,,0,1,2009,WD,Normal,181000
0,60,0,0,0,0,,,,0,7,2009,New,Partial,501837
0,0,0,0,0,0,,,,0,6,2006,WD,Normal,88000
0,0,0,0,0,0,,MnPrv,,0,3,2009,WD,Normal,112000
0,0,0,0,0,0,,,,0,10,2008,WD,Normal,140000
110,0,0,0,0,0,,,,0,10,2009,WD,Normal,167000
0,45,0,0,0,0,,,,0,4,2006,WD,Normal,145250
349,0,0,0,0,0,,MnPrv,,0,2,2010,WD,Normal,210000
70,78,68,0,0,0,,,,0,6,2008,WD,Normal,157500
144,20,0,0,0,0,,,,0,7,2006,New,Partial,212900
0,0,0,0,0,0,,GdWo,,0,7,2009,WD,Normal,117500
132,105,0,0,0,0,,,,0,5,2010,WD,Normal,185500
0,0,156,0,0,0,,MnPrv,,0,10,2009,ConLD,Abnorml,85000
272,54,0,0,0,0,,,,0,6,2006,WD,Family,145000
169,39,0,0,0,0,,,,0,7,2009,WD,Normal,255500
0,0,293,0,0,0,,MnPrv,,0,6,2006,WD,Abnorml,124000
210,0,0,0,0,0,,,,0,7,2009,WD,Normal,134900
188,124,0,0,0,0,,,,0,11,2006,WD,Normal,230500
0,0,0,0,0,0,,,,0,6,2007,WD,Normal,110000
0,51,0,0,0,0,,,,0,7,2006,New,Partial,233230
36,0,221,0,0,0,,,,0,10,2006,WD,Normal,157000
0,0,0,0,0,0,,,,0,11,2008,WD,Normal,142600
0,27,0,0,0,0,,,,0,10,2008,WD,Normal,154000
100,24,0,0,0,0,,,,0,9,2006,New,Partial,179665
0,141,0,0,0,0,,,,0,4,2008,WD,Normal,91000
0,113,252,0,0,0,,,,0,11,2007,WD,Normal,197900
0,69,0,0,0,0,,,,0,9,2008,WD,Normal,205000
192,63,0,0,0,0,,MnPrv,,0,6,2008,WD,Normal,161000
210,0,0,0,0,0,,,,0,11,2008,WD,Normal,149900
192,30,0,0,0,0,,,,0,7,2008,WD,Normal,207000
160,0,0,0,0,0,,,,0,5,2010,WD,Normal,143000
177,74,0,0,0,0,,,,0,10,2006,New,Partial,281000
322,82,0,0,0,0,,,,0,7,2009,New,Partial,372500
0,184,0,0,0,0,,,,0,6,2008,WD,Normal,235000
0,60,268,0,0,0,,,,0,7,2009,WD,Normal,214500
340,60,144,0,0,0,,,,0,4,2009,WD,Normal,260000
0,158,158,0,0,0,,MnPrv,,0,4,2010,WD,Normal,149700
164,0,0,0,0,0,,MnPrv,,0,6,2006,WD,Normal,131000
140,0,0,0,176,0,,,,0,9,2008,WD,Normal,144000
210,62,0,0,0,0,,,,0,5,2010,WD,Normal,215000
0,0,252,0,0,0,,GdWo,,0,5,2009,WD,Normal,176000
0,0,0,0,0,0,,,,0,10,2007,WD,Normal,144000
0,0,0,0,0,0,,MnPrv,,0,6,2010,WD,Normal,155000
222,98,0,0,0,0,,,,0,11,2007,WD,Normal,290000
224,106,0,0,0,0,,GdPrv,,0,12,2008,WD,Normal,230000
322,50,0,0,0,0,,,,0,5,2006,New,Partial,290000
97,65,0,0,0,0,,,,0,1,2008,CWD,Abnorml,328900
168,0,0,0,0,0,,GdPrv,,0,5,2008,WD,Normal,142000
276,99,0,0,0,0,,MnPrv,,0,8,2009,WD,Normal,231500
294,116,0,0,0,0,,,,0,12,2009,WD,Normal,162000
0,0,220,0,0,0,,MnPrv,,0,6,2010,WD,Normal,133000
248,105,0,0,0,0,,,,0,6,2009,WD,Normal,386250
166,120,0,0,0,0,,MnPrv,,0,7,2006,WD,Normal,110500
0,102,0,0,0,0,,,,0,4,2008,New,Partial,339750
0,0,244,0,0,0,,,,0,12,2007,WD,Normal,87000
0,36,0,0,0,0,,GdPrv,,0,8,2009,WD,Family,158500
0,120,0,0,0,0,,MnPrv,,0,1,2010,WD,Family,170000
0,0,0,0,0,0,,,Othr,3500,7,2010,WD,Normal,55000
203,40,0,0,0,0,,,,0,7,2006,WD,Normal,138887
0,98,0,0,0,0,,GdPrv,,0,9,2006,WD,Normal,170000
144,60,0,0,0,0,,,,0,8,2006,New,Partial,240000
0,166,0,0,0,0,,,,0,7,2006,WD,Normal,147400
0,54,0,0,161,0,,GdWo,,0,3,2010,WD,Normal,289000
0,211,0,0,0,0,,,,0,11,2008,WD,Normal,135000
0,35,272,0,0,0,,,,0,2,2006,WD,Abnorml,140000
668,30,0,0,0,0,,,,0,5,2010,WD,Normal,333168
168,0,0,0,0,0,,,,0,6,2007,WD,Normal,146500
184,154,0,0,0,0,,,,0,6,2007,WD,Normal,354000
40,30,0,320,0,0,,MnPrv,Shed,700,10,2009,WD,Normal,143000
120,33,0,0,0,0,,,,0,12,2007,WD,Normal,265900
0,64,0,0,0,0,,MnPrv,,0,10,2006,WD,Normal,146000
0,0,0,0,0,0,,MnPrv,,0,8,2009,WD,Normal,165000
0,0,0,0,0,0,,,,0,6,2008,WD,AdjLand,82000
78,73,0,0,0,0,,,,0,6,2009,WD,Normal,213250
0,0,77,0,0,0,,,,0,4,2006,WD,Normal,79000
0,111,0,0,0,0,,,,0,7,2007,WD,Normal,143000
0,44,0,0,0,0,,,,0,3,2010,WD,Normal,130500
0,116,0,0,0,0,,,,0,6,2006,WD,Normal,239900
0,0,0,0,224,0,,,,0,11,2009,WD,Normal,177500
192,121,0,0,0,0,,,,0,5,2008,WD,Normal,262280
144,45,0,0,0,0,,,,0,12,2007,WD,Normal,227000
0,0,192,0,0,0,,,,0,7,2006,WD,Normal,159500
168,27,0,0,0,0,,,,0,7,2006,WD,Normal,217000
283,86,0,0,0,0,,,,0,3,2010,WD,Normal,410000
0,0,0,0,0,0,,,,0,7,2006,WD,Normal,148000
0,0,234,0,0,0,,,,0,8,2006,WD,Normal,178000
0,0,0,0,0,0,,,,0,6,2008,WD,Normal,162900
233,48,0,0,0,0,,,,0,6,2009,WD,Normal,187500
245,0,156,0,0,0,,,Shed,1300,7,2008,WD,Normal,160000
144,105,0,0,0,0,,,,0,4,2009,WD,Normal,212000
0,44,0,0,0,0,,,,0,5,2008,WD,Normal,139000
0,96,0,0,0,0,,MnPrv,,0,5,2009,WD,Normal,108000
186,0,0,0,0,0,,,,0,1,2009,WD,Normal,84000
305,189,0,0,0,0,,MnPrv,Shed,400,9,2008,WD,Normal,172000
0,0,236,0,0,0,,,,0,3,2006,WD,Normal,104900
0,158,0,0,0,0,,,,0,10,2006,WD,Normal,114504
0,0,0,0,0,0,,,,0,9,2008,WD,Normal,106000
0,244,0,0,0,0,,,,0,5,2007,WD,Normal,179900
0,0,0,0,0,0,,,,0,4,2006,COD,Normal,102000
192,36,0,0,0,0,,,,0,8,2009,WD,Normal,190000
0,126,0,0,0,0,,,,0,5,2009,WD,Normal,340000
301,0,0,0,0,0,,,,0,7,2010,WD,Normal,180000
105,61,0,0,0,0,,,,0,2,2010,WD,Normal,206000
0,0,0,0,0,0,,,,0,11,2008,WD,Normal,131500
321,0,0,0,0,0,,,,0,8,2007,Oth,Abnorml,150000
100,22,0,0,0,0,,,,0,3,2010,WD,Normal,186000
0,0,176,0,0,0,,,,0,8,2008,WD,Normal,116900
0,204,0,0,0,0,,,,0,7,2008,WD,Normal,299800
120,155,0,0,0,0,,,,0,7,2008,WD,Normal,188000
0,26,0,0,0,0,,,,0,6,2010,WD,Normal,143000
356,0,0,0,0,0,,GdWo,,0,11,2006,WD,Normal,138500
127,82,0,0,0,0,,,,0,4,2006,WD,Normal,260000
0,36,0,0,0,0,,,,0,10,2007,WD,Normal,119000
509,135,0,0,0,0,,GdPrv,,0,10,2009,WD,Normal,167500
0,0,0,0,0,0,,,,0,8,2006,WD,Normal,85500
156,73,0,0,0,0,,,,0,8,2007,WD,Normal,209500
280,0,0,0,0,0,,,,0,6,2008,WD,Normal,206900
0,0,112,0,0,0,,,,0,8,2007,WD,Normal,112000
100,75,0,0,0,0,,,,0,4,2008,WD,Normal,193000
0,0,0,0,0,0,,,,0,3,2010,WD,Normal,197500
289,0,0,0,0,0,,MnPrv,,0,4,2009,WD,Normal,139000
0,0,0,0,0,0,,MnPrv,,0,6,2007,WD,Normal,119750
0,0,177,0,0,0,,,,0,7,2009,ConLD,Normal,198500
192,0,0,0,0,0,,,,0,7,2009,WD,Normal,135000
0,42,0,0,0,0,,,,0,9,2008,WD,Normal,223500
255,57,0,0,0,0,,,,0,8,2007,WD,Normal,307000
0,0,0,0,0,0,,,,0,5,2009,WD,Normal,132000
304,0,0,0,0,0,,,,0,11,2006,WD,Normal,168000
0,45,0,0,189,0,,,,0,9,2008,WD,Normal,287000
0,88,216,0,0,0,,,,0,11,2007,WD,Normal,197000
0,0,0,0,0,0,,MnPrv,,0,5,2006,WD,Normal,134450
140,0,252,0,0,0,,GdWo,,0,7,2006,WD,Normal,133700
0,50,0,0,0,0,,,,0,5,2010,WD,Normal,306000
0,0,0,0,189,0,,MnPrv,,0,5,2008,COD,Abnorml,180000
0,140,0,0,0,0,,,,0,6,2006,New,Partial,232600
143,20,0,0,0,0,,,,0,5,2009,WD,Normal,175900
356,0,0,0,0,0,,,,0,6,2009,WD,Normal,178000
0,72,0,0,0,0,,,,0,3,2009,WD,Normal,227000
148,0,0,0,147,0,,,,0,11,2006,WD,Normal,165150
0,312,0,0,0,0,,,,0,5,2009,WD,Normal,223500
216,56,0,0,0,0,,,,0,5,2008,WD,Normal,207500
0,56,0,0,0,0,,,,0,7,2009,WD,Normal,256300
178,51,0,0,0,0,,,,0,7,2007,WD,Normal,377426
208,114,0,0,0,0,,,,0,7,2009,New,Partial,224500
0,146,0,0,0,0,,,,0,7,2007,WD,Normal,249700
0,0,0,0,0,0,,,Shed,450,8,2007,WD,Normal,100000
0,0,0,0,0,0,,,,0,4,2006,New,Partial,437154
0,0,0,407,0,0,,,,0,7,2008,WD,Normal,180500
0,98,0,0,40,0,,,,0,5,2009,WD,Normal,121000
224,0,0,0,0,0,,,,0,7,2006,WD,Normal,156000
0,130,0,130,0,0,,,,0,10,2006,WD,Normal,180000
0,42,0,0,0,0,,MnPrv,,0,11,2006,WD,Normal,107000
201,39,0,0,0,0,,,,0,10,2009,WD,Normal,377500
0,94,0,0,291,0,,,,0,12,2009,WD,Normal,185000
302,0,0,0,100,0,,,,0,10,2009,WD,Normal,175000
144,68,0,0,0,0,,,,0,7,2009,WD,Normal,195000
196,82,0,0,0,0,,,,0,2,2010,WD,Normal,319900
155,24,145,0,0,0,,,Gar2,8300,8,2007,WD,Normal,190000
208,406,0,0,0,0,,,,0,10,2007,New,Partial,184750
0,0,116,0,0,0,,,,0,5,2008,WD,Normal,109500
168,0,0,0,0,0,,,Shed,400,5,2007,WD,Normal,129000
0,82,0,0,0,0,,,,0,10,2006,WD,Normal,148000
335,0,0,0,0,0,,GdPrv,,0,4,2010,WD,Abnorml,158900
0,0,0,0,0,0,,,,0,1,2007,WD,Normal,39300
0,172,0,0,0,0,,,,0,6,2010,WD,Normal,151000
144,20,0,0,0,0,,,,0,5,2006,WD,Normal,178740
0,152,0,0,0,0,,,,0,4,2009,WD,Normal,124000
0,0,0,0,0,0,,,,0,6,2006,WD,Normal,230000
55,0,0,216,0,0,,,,0,10,2008,COD,Abnorml,145000
0,0,0,0,0,0,,MnPrv,,0,8,2007,WD,Normal,125500
0,50,0,0,0,0,,,,0,5,2006,New,Partial,158000
0,0,44,0,0,0,,,,0,8,2009,WD,Normal,163500
0,265,0,0,0,0,,,,0,8,2007,WD,Abnorml,129000
132,0,0,0,0,0,,,,0,2,2009,WD,Normal,194500
0,0,0,0,0,0,,,,0,5,2008,WD,Normal,127000
0,84,0,196,0,0,,,,0,1,2007,WD,Normal,228500
208,75,0,0,374,0,,,,0,6,2006,WD,Normal,280000
0,0,0,0,145,0,,MnPrv,,0,6,2009,WD,Normal,234000
0,40,0,0,0,0,,,,0,8,2007,WD,Normal,175000
0,69,0,0,0,0,,,,0,7,2008,WD,Normal,193000
116,0,0,180,0,0,,MnPrv,,0,6,2007,WD,Normal,120000
168,95,0,0,0,0,,,,0,4,2010,New,Partial,395192
182,0,0,0,0,0,,,,0,10,2006,WD,Normal,136900
240,0,0,0,0,0,,MnPrv,,0,12,2007,WD,Normal,144000
0,27,0,0,0,0,,,,0,6,2010,WD,Normal,175500
0,35,0,0,0,0,,MnWw,,0,4,2009,WD,Normal,110000
0,0,0,0,0,0,,,,0,5,2008,WD,Normal,255900
106,0,0,0,0,0,,,,0,5,2010,WD,Normal,110000
0,0,0,0,0,0,,,,0,2,2006,WD,Normal,229000
48,0,244,0,0,0,,MnWw,,0,9,2009,WD,Normal,124900
0,0,0,0,126,0,,MnPrv,,0,8,2007,WD,Normal,164000
165,44,0,0,0,0,,,,0,9,2009,COD,Abnorml,257000
100,36,0,0,0,0,,,,0,12,2007,New,Partial,239000
280,238,0,0,0,0,,,,0,6,2008,WD,Normal,200000
0,0,0,0,0,0,,,,0,7,2006,WD,Family,171000
104,100,0,0,0,0,,,,0,5,2007,WD,Normal,285000
0,72,0,0,252,0,,,,0,6,2009,WD,Normal,193500
0,166,0,0,0,0,,,,0,4,2006,WD,Abnorml,144152
140,45,0,0,0,0,,,,0,8,2008,WD,Normal,250000
0,56,0,0,0,0,,,,0,6,2007,WD,Normal,248000
380,48,0,0,0,0,,,,0,6,2007,WD,Normal,302000
519,112,0,0,0,0,,,,0,3,2006,WD,Normal,326000
140,0,0,0,0,0,,,,0,9,2008,WD,Normal,127500
144,68,0,0,0,0,,,,0,9,2007,WD,Normal,180000
0,144,0,0,0,0,,MnPrv,,0,3,2008,WD,Normal,89500
0,0,0,0,0,0,,,,0,6,2010,WD,Normal,190000
168,120,0,0,0,0,,,,0,10,2008,WD,Normal,189000
100,38,0,0,0,0,,,,0,7,2008,WD,Normal,192000
120,0,0,0,0,0,,,,0,5,2007,WD,Normal,94750
327,64,0,0,0,0,,,,0,2,2009,WD,Normal,320000
0,0,164,0,0,0,,MnPrv,,0,2,2010,WD,Normal,128000
0,0,0,0,0,0,,,,0,6,2006,WD,Normal,135000
0,0,0,0,0,0,,,,0,6,2009,WD,Alloca,118964
88,0,0,0,0,0,,,,0,6,2008,WD,Normal,81000
238,0,0,0,0,0,,,,0,8,2009,WD,Normal,88000
404,102,0,0,0,0,,,,0,11,2009,WD,Normal,325000
0,0,0,0,0,0,,GdWo,,0,9,2008,WD,Normal,139950
0,49,0,0,0,0,,,,0,2,2007,New,Partial,147000
468,81,0,0,0,0,,,,0,1,2006,WD,Normal,205000
0,0,0,0,0,0,,GdWo,,0,8,2008,WD,Normal,127000
206,0,0,0,0,0,,,,0,11,2007,WD,Normal,174000
120,25,0,0,0,0,,,,0,7,2008,WD,Normal,191000
0,0,0,0,0,0,,,,0,8,2008,WD,Normal,89500
0,113,0,0,0,0,,,,0,8,2009,WD,Normal,113000
262,24,0,0,0,0,,,,0,7,2008,WD,Normal,179500
168,0,0,0,0,0,,,,0,7,2007,WD,Normal,305900
80,64,0,0,0,0,,,,0,4,2007,New,Partial,155000
0,36,190,0,0,0,,,,0,4,2006,WD,Normal,93000
0,87,0,0,200,0,,,,0,6,2007,WD,Normal,257500
0,98,0,0,0,0,,,Shed,500,6,2007,WD,Normal,277000
296,44,0,0,0,0,,,,0,4,2010,WD,Normal,328000
0,52,0,0,0,0,,GdPrv,,0,6,2007,WD,Normal,165000
0,0,0,0,0,0,,,,0,6,2007,WD,Normal,129500
0,162,0,0,0,0,,,,0,5,2007,WD,Normal,204750
431,0,0,0,0,0,,,,0,9,2008,WD,Normal,191000
0,38,0,0,0,0,,,,0,4,2010,WD,Normal,165500
0,38,0,0,0,0,,,,0,2,2006,WD,Normal,173000
0,0,0,0,0,0,,,,0,6,2006,WD,Normal,119500
0,0,0,0,0,0,,MnPrv,,0,11,2009,COD,Normal,127500
0,48,143,0,0,0,,,,0,7,2007,WD,Normal,159500
418,0,194,0,0,0,,,,0,6,2008,WD,Normal,153900
0,0,0,0,0,0,,,,0,7,2006,WD,Normal,129900
0,0,0,0,0,0,,MnPrv,,0,6,2009,WD,Family,152000
371,0,0,0,0,0,,,,0,2,2009,WD,Normal,185000
0,0,0,0,0,0,,MnPrv,,0,1,2008,WD,Normal,127000
120,72,0,0,0,0,,,Shed,700,5,2009,WD,Normal,168500
180,130,0,0,0,0,,,,0,6,2007,WD,Normal,269790
144,99,0,0,0,0,,,,0,10,2008,WD,Normal,245000
224,137,0,0,0,0,,,,0,3,2008,WD,Normal,256000
0,0,0,0,0,0,,,,0,12,2006,WD,Abnorml,135000
0,0,90,0,0,0,,,,0,5,2006,WD,Normal,87000
0,90,0,0,0,0,,,,0,8,2006,New,Partial,239799
0,22,0,0,0,0,,,,0,8,2007,New,Partial,176485
0,0,0,0,0,0,,,,0,10,2006,WD,Normal,116000
195,130,0,0,0,0,,,,0,10,2009,New,Partial,370878
220,21,0,0,0,0,,,,0,6,2007,WD,Normal,176000
0,0,0,0,0,0,,GdPrv,,0,5,2010,WD,Normal,152000
0,0,0,0,0,0,,,,0,4,2010,WD,Normal,149900
0,40,0,0,0,0,,,,0,5,2007,WD,Normal,168000
268,0,0,0,0,0,,,,0,4,2010,WD,Normal,260000
0,0,0,168,0,0,,GdPrv,,0,6,2009,WD,Normal,214000
0,118,0,0,233,0,,,,0,1,2009,COD,Abnorml,137500
0,0,0,0,184,0,,,,0,6,2007,WD,Normal,169500
64,0,39,0,0,0,,,,0,4,2007,WD,Normal,118500
728,20,0,0,0,0,,GdPrv,,0,6,2006,WD,Normal,151400
0,35,0,0,0,0,,,,0,8,2006,New,Partial,173900
81,207,0,0,224,0,,,,0,10,2007,WD,Normal,268000
120,49,0,0,0,0,,,,0,10,2007,WD,Normal,202500
0,120,0,0,0,0,,,,0,5,2006,New,Partial,185000
0,40,0,0,0,0,,,,0,2,2010,WD,Normal,214900
168,228,0,0,0,0,,,,0,12,2007,New,Partial,318000
216,0,0,0,0,0,,,,0,3,2009,WD,Abnorml,97000
0,40,0,0,0,0,,,,0,4,2006,WD,Normal,130000
55,0,0,0,0,0,,,,0,6,2009,WD,Normal,104900
66,0,0,0,0,0,,GdWo,,0,11,2009,WD,Normal,123000
367,0,0,0,0,0,,,,0,5,2010,WD,Normal,320000
136,0,115,0,0,0,,,,0,3,2007,WD,Normal,127000
263,0,0,0,0,0,,GdWo,Shed,450,5,2010,WD,Normal,76500
58,0,0,0,0,0,,MnPrv,,0,3,2009,WD,Normal,133000
0,4,0,0,0,0,,,,0,1,2008,WD,Normal,118000
0,176,0,0,0,0,,,,0,6,2007,WD,Normal,120000
100,24,0,0,0,0,,,,0,7,2007,New,Partial,179540
192,0,0,0,0,0,,,,0,2,2006,WD,Normal,230000
140,0,0,0,0,0,,,,0,5,2009,WD,Normal,140000
196,134,0,0,0,0,,,,0,8,2008,New,Partial,426000
0,0,208,0,0,0,,,,0,5,2009,WD,Normal,117000
0,0,0,0,90,0,,,,0,7,2008,WD,Normal,235000
0,47,120,0,0,0,,,,0,9,2006,COD,Normal,108000
214,292,0,0,0,480,Gd,,,0,1,2008,New,Partial,160000
316,28,0,0,0,0,,GdWo,,0,6,2007,WD,Normal,144000
0,150,0,0,0,0,,,,0,12,2009,New,Partial,263435
0,0,0,0,156,0,,,,0,5,2008,WD,Normal,135000
0,80,0,290,0,0,,,,0,6,2006,WD,Normal,262500
0,0,0,0,0,0,,,,0,11,2006,ConLI,Abnorml,125000
0,108,0,0,0,0,,,,0,2,2008,WD,Normal,226700
0,20,0,0,192,0,,,,0,6,2007,WD,Normal,135000
187,56,0,0,0,0,,,,0,4,2009,WD,Normal,190000
0,54,20,0,0,0,,,,0,12,2008,WD,Normal,122000
160,22,0,0,0,0,,,,0,5,2007,WD,Normal,187500
180,0,0,0,0,0,,MnPrv,Shed,2000,5,2010,WD,Normal,272000
0,0,0,0,0,0,,,,0,7,2006,WD,Normal,172500
0,0,0,0,168,0,,,,0,6,2010,WD,Normal,125500
0,0,0,0,0,0,,,,0,9,2006,WD,Normal,123500
168,55,0,0,0,0,,,,0,7,2006,New,Partial,193879
0,0,192,0,0,0,,,,0,3,2007,WD,Normal,87000
120,0,0,0,0,0,,,,0,3,2009,WD,Normal,184100
0,0,99,0,0,0,,,,0,4,2007,WD,Normal,182900
36,56,0,0,0,0,,,,0,7,2006,WD,Abnorml,84500
235,204,228,0,0,0,,,Shed,350,11,2009,WD,Normal,200000
0,45,0,0,0,0,,,,0,6,2008,WD,Normal,183000
224,42,0,0,0,0,,,,0,10,2008,WD,Normal,193500
0,0,0,0,0,0,,,,0,3,2007,WD,Normal,131000
536,90,0,0,0,0,,MnPrv,,0,8,2007,WD,Normal,134000
303,30,0,0,0,0,,,,0,7,2009,WD,Normal,165500
0,48,0,0,0,0,,,,0,8,2008,ConLD,Normal,125000
0,0,137,0,0,0,,GdWo,,0,7,2009,WD,Normal,78000
192,60,0,0,0,0,,,,0,11,2007,WD,Normal,179600
0,0,0,0,0,0,,,,0,5,2008,WD,Normal,130000
160,50,0,0,0,0,,,,0,5,2009,WD,Normal,252000
0,96,0,245,0,0,,,,0,5,2008,WD,Normal,231500
0,0,0,0,0,0,,MnPrv,,0,7,2010,WD,Normal,80000
353,0,0,0,90,0,,MnPrv,,0,2,2010,WD,Normal,125000
0,0,0,0,0,0,,,,0,7,2007,CWD,Normal,219500
342,40,0,0,0,0,,MnPrv,,0,12,2009,WD,Normal,178000
0,0,0,0,0,0,,MnPrv,,0,6,2010,WD,Normal,166000
38,144,0,0,0,0,,,,0,4,2006,WD,Normal,176000
0,100,0,0,0,0,,,,0,9,2006,New,Partial,274725
0,16,0,0,0,0,,,,0,4,2009,WD,Normal,167900
0,48,0,0,0,0,,,,0,3,2008,WD,Normal,160000
88,15,0,0,0,0,,GdWo,,0,8,2007,CWD,Family,136000
0,72,0,0,170,0,,,,0,4,2009,WD,Normal,555000
0,0,84,0,0,0,,,,0,6,2008,WD,Normal,128000
361,76,0,0,0,0,,,,0,7,2006,WD,Normal,625000
224,114,0,0,0,0,,,,0,6,2007,WD,Abnorml,290000
0,0,0,0,0,0,,,,0,7,2009,WD,Normal,82000
0,0,0,0,0,0,,MnPrv,,0,5,2010,WD,Normal,125000
0,45,0,0,0,0,,,,0,3,2006,New,Partial,186500
0,0,0,0,0,0,,,,0,2,2007,WD,Normal,111000
168,108,0,0,0,0,,,,0,7,2009,New,Partial,252678
74,0,128,0,0,0,,MnPrv,,0,5,2009,WD,Normal,110000
0,0,0,0,0,0,,,,0,4,2008,WD,Normal,141000
207,0,96,0,0,0,,,,0,7,2006,WD,Normal,116000
328,128,0,0,189,0,,,,0,6,2008,WD,Normal,167900
156,90,0,0,0,0,,GdPrv,,0,6,2010,WD,Normal,236000
147,0,0,0,0,0,,,,0,7,2009,WD,Normal,103600
100,25,0,0,0,0,,,,0,7,2007,WD,Normal,163900
0,0,116,0,0,0,,,,0,8,2006,WD,Normal,113000
0,140,0,0,0,0,,,,0,5,2008,New,Partial,250580
192,25,0,0,0,0,,,,0,6,2009,WD,Normal,220000
0,64,0,0,0,0,,,,0,4,2007,WD,Normal,126000
335,0,0,0,0,0,,GdWo,,0,7,2009,WD,Normal,139500
192,62,0,0,0,0,,,,0,8,2007,New,Partial,280000
100,16,0,0,0,0,,,,0,3,2008,WD,Normal,159895
0,102,0,0,0,0,,,,0,9,2009,New,Partial,208300
0,0,214,0,0,0,,GdPrv,,0,11,2007,WD,Normal,124000
260,0,0,0,0,0,,,,0,6,2009,WD,Normal,147000
394,0,0,0,0,0,,,,0,6,2006,WD,Normal,117000
0,40,0,0,0,0,,,,0,12,2009,WD,Normal,157500
0,151,0,0,0,0,,,,0,5,2006,WD,AdjLand,81000
0,61,0,0,0,0,,,,0,2,2008,WD,Normal,208500
0,0,0,0,192,0,,MnPrv,,0,6,2007,WD,Normal,156000
486,0,0,0,225,0,,,,0,6,2009,WD,Abnorml,185000
100,0,0,0,0,0,,,,0,5,2008,WD,Normal,167500
0,24,0,0,192,0,,,,0,7,2007,WD,Normal,132500
0,0,0,0,0,0,,,,0,5,2010,WD,Normal,169900
0,70,0,0,0,0,,,,0,8,2006,WD,Normal,196500
0,0,0,0,0,0,,,,0,11,2009,WD,Normal,93000
0,0,0,0,163,0,,GdPrv,,0,5,2008,WD,Normal,177000
0,0,0,0,143,0,,,,0,4,2010,WD,Normal,167500
36,24,0,0,0,0,,,,0,6,2009,WD,Normal,174000
441,35,0,0,0,0,,,,0,6,2006,WD,Normal,239000
0,113,0,0,0,0,,,,0,6,2006,WD,Normal,110000
53,0,0,0,0,0,,,,0,6,2006,WD,Normal,84500
0,0,0,0,0,0,,,,0,11,2008,WD,Normal,242000
224,0,0,0,0,0,,,,0,8,2008,WD,Abnorml,175000
0,36,0,0,0,0,,,,0,3,2009,WD,Normal,174000
0,288,0,0,0,0,,,,0,5,2006,WD,Normal,129000
0,29,0,0,0,0,,,,0,7,2006,WD,Normal,109900
0,0,0,0,0,0,,,,0,6,2009,WD,Normal,90000
0,0,40,0,0,0,,,,0,7,2006,WD,Normal,200100
208,364,0,0,0,0,,,,0,8,2007,New,Partial,303477
0,140,0,0,100,0,,,,0,11,2006,WD,Normal,149900
0,0,196,0,0,0,,,Shed,1200,6,2010,WD,Normal,139000
196,187,0,0,0,0,,,,0,12,2008,WD,Normal,228000
123,0,0,0,153,0,,,,0,12,2007,WD,Family,235000
0,21,114,0,0,0,,,,0,7,2006,WD,Normal,225000
52,170,0,0,192,0,,,,0,1,2009,New,Partial,582933
24,48,0,0,0,0,,,,0,7,2009,WD,Normal,244000
0,0,0,0,0,0,,,,0,6,2006,WD,Normal,157000
0,0,0,0,0,0,,,,0,5,2007,WD,Abnorml,110000
122,30,0,0,0,0,,,,0,5,2008,Con,Normal,324000
171,132,0,0,0,0,,,,0,8,2008,WD,Normal,271000
0,116,0,0,0,0,,MnPrv,Shed,700,3,2006,WD,Normal,160000
12,285,0,0,0,0,,MnWw,Shed,480,6,2007,WD,Normal,120000
0,0,0,0,0,0,,GdWo,,0,5,2009,WD,Abnorml,37900
192,39,0,0,0,0,,,,0,1,2010,WD,Normal,237000
306,111,0,0,0,0,,,,0,7,2006,WD,Normal,190000
0,523,115,0,0,0,,GdWo,,0,11,2009,WD,Abnorml,34900
194,45,0,0,0,0,,,,0,9,2006,WD,Normal,315000
108,45,0,0,0,0,,,Shed,400,5,2006,WD,Normal,202500
240,0,0,0,0,0,,,,0,6,2009,WD,Normal,215000
0,0,183,0,0,0,,,,0,10,2007,WD,Normal,152000
288,258,0,0,0,0,,,,0,12,2006,WD,Normal,207500
0,104,0,0,0,0,,GdPrv,,0,8,2009,COD,Abnorml,158000
0,40,0,0,0,0,,,,0,5,2006,WD,Normal,130000
0,0,0,0,0,0,,,,0,4,2010,WD,Normal,244000
0,0,286,0,0,0,,,,0,5,2007,WD,Normal,79000
0,0,100,0,0,0,,MnPrv,,0,1,2008,WD,Normal,55000
574,64,0,0,0,0,,,,0,1,2006,WD,Normal,228000
178,120,0,0,0,0,,,,0,11,2007,New,Partial,325624
0,120,0,0,0,0,,,,0,7,2009,WD,Normal,191000
0,20,0,0,0,0,,,,0,6,2008,COD,Normal,163000
0,36,0,0,0,0,,MnPrv,,0,5,2007,WD,Normal,211000
162,53,0,153,0,0,,,,0,11,2008,New,Partial,392500
0,0,0,0,0,0,,,,0,7,2009,WD,Normal,143000
0,0,112,0,120,0,,MnPrv,Shed,620,7,2006,WD,Abnorml,88000
0,0,32,0,0,0,,MnPrv,,0,8,2006,WD,Normal,133000
0,0,0,0,0,0,,GdWo,,0,5,2010,WD,Normal,144900
201,0,0,0,0,0,,,,0,4,2006,WD,Abnorml,91500
0,0,0,0,0,0,,,,0,7,2009,WD,Normal,137000
0,160,0,0,0,0,,,,0,6,2010,WD,Normal,96500
0,0,112,0,0,0,,MnPrv,,0,2,2008,WD,Normal,149000
0,129,0,0,0,0,,GdPrv,,0,5,2008,WD,Normal,174900
288,48,0,0,0,0,,,,0,5,2010,WD,Normal,216500
192,84,0,0,0,0,,,,0,7,2008,WD,Normal,222500
0,36,0,0,0,0,,MnPrv,Shed,450,3,2010,WD,Normal,161750
0,70,0,0,0,0,,,,0,5,2010,New,Partial,220000
0,0,0,0,0,0,,,,0,7,2007,WD,Normal,150750
0,0,0,0,0,0,,,,0,7,2009,WD,Normal,128000
209,208,0,0,0,0,,MnPrv,,0,2,2006,WD,Normal,179900
500,0,0,0,0,0,,,,0,6,2007,WD,Normal,302000
0,260,0,0,410,0,,GdPrv,,0,6,2006,WD,Normal,475000
0,104,0,0,0,0,,,,0,7,2007,WD,Normal,170000
320,27,0,0,0,0,,,,0,4,2006,WD,Normal,335000
0,0,144,0,0,0,,,,0,8,2007,WD,Normal,115000
0,52,0,0,0,0,,,,0,1,2010,WD,Abnorml,109000
349,40,0,0,0,0,,,,0,9,2009,WD,Normal,316600
0,252,0,0,0,0,,,,0,11,2007,WD,Normal,270000
0,0,0,0,0,0,,MnPrv,,0,5,2010,COD,Abnorml,142000
168,160,0,0,0,0,,,,0,8,2007,WD,Normal,282922
0,125,0,0,0,0,,,,0,5,2006,WD,Normal,164000
0,44,0,0,0,0,,,,0,5,2007,WD,Normal,250000
0,0,0,0,0,0,,MnPrv,Shed,2000,7,2007,WD,Normal,122900
406,90,0,0,0,0,,MnPrv,,0,5,2010,WD,Normal,154000
48,0,0,0,0,0,,,,0,7,2007,WD,Normal,155000
0,0,0,0,0,0,,,,0,1,2009,WD,Normal,60000
0,0,0,0,0,0,,,,0,6,2010,WD,Normal,80000
0,0,0,0,0,0,,GdWo,,0,7,2009,WD,Normal,100000
0,18,0,0,0,0,,GdWo,,0,5,2006,WD,Normal,132500
0,76,0,0,185,0,,,,0,7,2009,WD,Normal,159000
0,0,0,0,0,0,,,,0,7,2009,COD,Normal,124500
140,0,0,0,0,0,,,,0,11,2007,WD,Normal,131500
0,58,0,0,90,0,,,,0,7,2006,WD,Normal,180000
0,0,91,0,0,0,,,,0,10,2009,WD,Normal,76000
147,0,0,0,0,0,,,,0,5,2007,WD,Family,108000
224,0,0,0,0,0,,MnPrv,,0,11,2008,WD,Normal,157000
0,0,0,0,0,0,,,,0,5,2009,WD,Normal,225000
0,0,0,0,0,0,,,,0,7,2006,WD,Family,188000
0,0,0,0,0,0,,,,0,6,2008,WD,Normal,73000
120,101,0,0,0,0,,GdWo,,0,11,2009,WD,Normal,91000
0,234,0,0,0,0,,,,0,6,2009,New,Partial,173733
0,0,0,0,0,0,,,,0,6,2006,WD,Normal,94500
144,133,0,0,0,0,,,,0,7,2008,WD,Normal,210000
44,0,0,0,0,0,,,,0,6,2010,WD,Normal,129000
0,0,0,0,0,0,,MnPrv,Shed,500,7,2007,WD,Normal,148000
0,228,0,0,192,0,,,,0,9,2007,WD,Normal,211000
0,102,0,0,0,0,,,,0,6,2008,WD,Normal,159000
0,0,0,0,0,0,,,,0,6,2009,WD,Normal,197900
0,28,0,0,0,0,,,,0,5,2006,WD,Normal,118000
250,0,24,0,0,0,,,,0,9,2009,WD,Normal,82000
0,74,137,0,0,0,,,,0,10,2007,WD,Normal,170000
0,0,0,0,0,0,,GdWo,,0,7,2009,WD,Normal,136500
180,75,0,0,120,0,,,,0,8,2006,New,Partial,319000
0,0,144,0,0,0,,,,0,3,2007,WD,Normal,101000
0,240,0,0,0,0,,,,0,12,2008,WD,Normal,147000
132,57,0,0,0,0,,,,0,4,2010,WD,Normal,290000
362,0,0,0,0,0,,MnPrv,,0,10,2008,WD,Normal,119500
196,0,150,0,0,0,,GdWo,,0,10,2008,WD,Normal,116000
0,0,0,0,0,0,,,,0,6,2009,WD,Normal,92900
0,0,198,0,0,0,,,,0,10,2009,WD,Normal,105000
124,98,0,0,142,0,,,,0,5,2007,New,Partial,415298
100,48,0,0,0,0,,,,0,7,2007,WD,Normal,215000
112,0,0,0,0,0,,MnPrv,,0,4,2009,WD,Normal,141500
0,98,0,0,0,0,,,,0,3,2010,WD,Normal,132000
0,0,168,0,0,0,,,,0,7,2007,WD,Normal,108500
392,64,0,0,0,0,,,,0,6,2009,WD,Normal,145000
0,341,0,0,0,0,,,,0,10,2006,WD,Normal,163000
0,0,0,0,0,0,,MnPrv,,0,9,2009,WD,Normal,140000
0,0,240,0,0,0,,,,0,7,2009,WD,Normal,110000
45,0,0,0,0,0,,,,0,5,2009,WD,Normal,132500
172,42,0,0,0,0,,,,0,1,2009,WD,Normal,295493
0,116,0,0,0,0,,,,0,11,2007,New,Partial,199900
104,0,0,0,0,0,,,,0,4,2007,WD,Normal,129500
108,0,0,216,0,0,,,,0,11,2008,WD,Normal,224000
140,0,0,0,0,0,,,,0,10,2007,New,Partial,392000
120,0,0,0,0,0,,,,0,3,2009,WD,Alloca,179000
0,32,0,0,0,0,,,,0,6,2007,WD,Normal,184000
0,51,0,0,190,0,,,,0,5,2008,WD,Normal,176500
0,0,96,0,0,0,,,,0,5,2008,COD,Abnorml,98000
120,144,0,0,0,0,,,,0,5,2006,WD,Normal,169000
0,0,0,0,0,0,,GdWo,,0,4,2006,WD,Abnorml,100000
28,0,0,0,0,0,,,,0,4,2009,WD,Normal,148500
0,0,0,0,0,0,,,Shed,450,10,2009,WD,Normal,127500
0,0,0,0,0,0,,GdWo,,0,5,2007,WD,Normal,120500
0,25,0,0,0,0,,,,0,7,2009,COD,Abnorml,110000
0,85,184,0,0,0,,,,0,7,2010,WD,Normal,142000
0,0,0,0,0,0,,,,0,3,2009,WD,Normal,61000
0,144,0,0,0,0,,,,0,6,2010,New,Partial,222000
0,0,202,0,0,0,,,,0,5,2010,WD,Normal,107400
0,88,0,0,0,0,,,,0,6,2008,WD,Abnorml,193000
448,96,0,0,0,0,,,,0,10,2009,WD,Normal,197500
144,28,0,0,0,0,,,,0,5,2007,WD,Normal,113000
188,45,0,0,0,0,,,,0,6,2008,New,Partial,385000
87,0,0,0,0,0,,,,0,7,2009,WD,Normal,148500
736,68,0,0,0,0,,,,0,6,2008,WD,Normal,147500
100,75,0,0,0,0,,,,0,6,2006,WD,Normal,183200
224,0,0,0,0,0,,MnPrv,,0,7,2007,WD,Normal,259500
0,0,0,0,0,0,,,,0,11,2007,WD,Normal,239000
0,162,0,0,126,0,,,,0,12,2007,WD,Normal,141000
0,0,0,0,0,0,,,,0,3,2006,ConLD,Normal,140000
0,70,0,0,0,0,,GdPrv,,0,9,2008,WD,Normal,145900
192,36,0,0,0,0,,,,0,9,2008,WD,Normal,221000
168,24,0,0,0,0,,GdWo,,0,5,2007,WD,Normal,112000
0,0,0,0,0,0,,,,0,8,2007,WD,Normal,123600
486,40,0,0,175,0,,,,0,9,2008,WD,Normal,240000
0,0,0,0,0,0,,MnPrv,,0,8,2006,WD,Normal,117000
144,39,0,0,0,0,,,,0,2,2007,WD,Normal,281213
192,52,0,0,0,0,,,,0,3,2006,WD,Normal,275500
64,0,0,0,0,0,,MnPrv,,0,6,2009,WD,Normal,130000
147,21,0,0,0,0,,,,0,7,2006,New,Partial,345000
215,0,0,0,0,0,,,,0,9,2009,WD,Normal,123000
0,0,52,0,0,0,,,,0,7,2007,WD,Normal,179200
149,0,0,0,0,0,,,,0,5,2008,WD,Normal,141000
0,0,330,0,0,0,,,,0,7,2006,ConLw,Normal,144000
104,26,0,0,0,0,,,,0,7,2006,WD,Normal,127000
192,28,0,0,0,0,,,,0,6,2007,WD,Normal,194700
143,20,0,0,0,0,,,,0,5,2006,WD,Normal,215000
239,132,0,168,0,0,,,,0,3,2006,New,Partial,320000
0,50,0,0,0,0,,,,0,10,2008,WD,Normal,140000
0,0,84,0,0,0,,GdWo,,0,7,2007,WD,Normal,125000
123,110,0,0,0,0,,,,0,3,2009,WD,Abnorml,220000
670,0,0,0,0,0,,,Shed,700,8,2008,WD,Normal,228950
0,28,0,0,178,0,,MnPrv,,0,10,2008,WD,Normal,165500
0,0,0,0,0,0,,,,0,4,2009,WD,Normal,80000
156,54,0,0,0,0,,,,0,9,2009,New,Partial,402861
0,45,0,0,0,0,,,,0,11,2009,WD,Normal,227000
120,33,0,0,0,0,,,,0,10,2006,WD,Normal,216837
0,287,0,0,0,0,,,,0,12,2009,WD,Normal,107500
0,0,0,0,0,0,,,,0,10,2009,WD,Normal,100000
140,93,0,0,0,0,,,,0,5,2007,WD,Normal,194000
0,40,0,0,0,0,,,,0,5,2007,WD,Normal,150000
171,159,0,0,0,0,,,,0,9,2008,WD,Normal,230000
120,26,0,0,0,0,,,,0,7,2009,WD,Normal,173000
0,36,0,0,0,0,,,,0,5,2009,New,Partial,287090
135,0,0,0,0,0,,,,0,4,2010,WD,Normal,202900
0,98,0,0,0,0,,MnPrv,,0,9,2008,ConLD,Abnorml,79900
250,63,0,0,0,0,,,,0,7,2007,New,Partial,440000
0,172,60,0,0,0,,,,0,9,2006,WD,Family,107000
173,0,0,0,0,0,,,,0,10,2009,WD,Normal,143500
0,54,0,0,0,0,,,,0,3,2008,WD,Normal,171900
0,0,0,0,0,0,,,,0,5,2010,WD,Normal,100000
0,169,0,0,119,0,,,,0,5,2006,WD,Normal,179900
0,0,0,0,99,0,,,,0,11,2007,WD,Normal,133900
100,48,0,0,180,0,,,,0,4,2009,WD,Normal,240000
0,0,129,0,0,0,,,,0,6,2006,WD,Normal,89000
0,319,0,0,0,0,,,,0,1,2006,COD,Normal,136500
409,0,0,0,0,0,,,,0,3,2008,WD,Normal,235000
0,64,0,0,0,0,,,,0,5,2009,WD,Normal,138000
366,0,112,0,0,0,,,,0,4,2010,WD,Normal,142125
133,168,0,0,0,0,,,,0,7,2007,WD,Normal,187500
216,110,0,0,0,0,,,,0,6,2007,WD,Normal,181900
344,0,40,0,0,0,,MnPrv,,0,5,2010,WD,Normal,140000
224,0,0,0,0,0,,MnWw,,0,6,2007,WD,Normal,145000
224,0,0,0,180,0,,,,0,2,2007,WD,Normal,175000
143,20,0,0,0,0,,,,0,10,2006,WD,Normal,234000
0,0,0,0,0,0,,,,0,7,2007,WD,Normal,109900
0,0,0,0,0,0,,,,0,7,2006,WD,Normal,129900
390,0,0,0,0,0,,,,0,7,2007,WD,Normal,139400
309,78,0,0,0,0,,,,0,12,2006,WD,Normal,290000
100,16,0,0,0,0,,,,0,9,2009,WD,Normal,160200
0,20,144,0,0,0,,,,0,9,2009,WD,Normal,139000
270,0,112,0,0,0,,GdPrv,,0,5,2007,WD,Abnorml,132000
0,0,0,0,192,0,,,,0,6,2008,WD,Normal,166000
0,24,0,0,0,0,,,,0,7,2006,New,Partial,163990
0,0,0,0,0,0,,MnPrv,,0,8,2008,WD,Normal,145500
0,110,0,0,0,0,,,,0,3,2007,WD,Abnorml,200000
364,17,0,0,182,0,,,,0,3,2010,WD,Normal,162000
0,25,0,0,0,0,,,,0,2,2008,WD,Normal,120500
0,0,0,0,0,0,,,,0,3,2010,WD,Family,88000
0,0,32,0,0,0,,,,0,6,2006,WD,Normal,79900
100,48,0,0,0,0,,,,0,10,2007,WD,Family,225000
192,80,0,0,0,0,,,,0,11,2007,New,Partial,248900
168,43,0,0,198,0,,,,0,8,2009,WD,Abnorml,239686
168,198,0,0,0,0,,,,0,6,2006,WD,Normal,190000
0,169,0,0,0,0,,,,0,11,2009,WD,Normal,168000
0,0,0,0,0,0,,,,0,1,2007,WD,Normal,132250
0,0,0,0,0,0,,,,0,7,2007,COD,Normal,114500
192,84,0,0,0,0,,,,0,12,2008,WD,Normal,250000
0,0,0,0,0,0,,,,0,6,2007,WD,Normal,136905
314,12,0,0,0,0,,GdWo,,0,5,2008,WD,Normal,381000
0,0,0,0,0,0,,,,0,4,2010,WD,Normal,130000
183,0,301,0,0,0,,,,0,5,2008,WD,Normal,189000
0,36,0,0,0,0,,,,0,5,2009,WD,Normal,125000
144,16,0,0,0,0,,,,0,6,2007,New,Partial,172500
144,104,0,0,0,0,,,,0,7,2008,WD,Normal,232000
240,32,0,0,0,0,,,,0,3,2006,WD,Abnorml,138800
0,0,0,0,0,0,,,,0,11,2008,WD,Normal,100000
0,40,0,0,0,0,,,,0,4,2006,WD,Normal,130000
302,0,0,0,0,0,,,,0,5,2008,WD,Normal,295000
325,12,0,0,0,0,,,,0,6,2010,WD,Normal,164000
0,0,0,0,0,0,,,,0,6,2009,WD,Normal,375000
200,114,0,0,0,0,,,,0,4,2006,WD,Normal,115000
35,0,0,0,0,0,,GdWo,,0,12,2007,WD,Normal,139000
0,75,0,0,0,0,,,,0,7,2007,WD,Normal,177000
0,0,0,0,0,0,,,,0,6,2008,COD,Abnorml,139000
292,44,0,182,0,0,,,,0,12,2009,WD,Normal,222000
0,0,0,0,152,0,,,,0,2,2009,WD,Normal,167000
0,0,0,0,0,0,,,,0,11,2007,New,Partial,318000
0,54,0,0,140,0,,,,0,6,2010,WD,Normal,212000
0,27,0,0,0,0,,,,0,7,2009,WD,Normal,173000
57,0,239,0,0,0,,MnPrv,,0,6,2008,WD,Normal,135000
0,168,0,0,0,0,,,,0,10,2009,WD,Normal,241000
132,35,0,0,0,0,,,,0,3,2006,New,Partial,202665
240,154,0,0,0,0,,,,0,9,2006,New,Partial,342643
0,0,0,0,0,0,,MnPrv,,0,5,2009,COD,Abnorml,139000
0,81,0,0,0,0,,,,0,6,2010,WD,Normal,221000
113,32,0,0,0,0,,,,0,9,2006,WD,Normal,309000
0,75,0,0,0,0,,,,0,7,2006,WD,Normal,180000
290,39,0,0,0,0,,,,0,4,2009,WD,Normal,189000
112,51,0,0,0,0,,GdWo,,0,6,2008,WD,Normal,179200
0,0,160,0,0,0,,,,0,3,2008,WD,Normal,177000
300,87,0,0,0,0,,,,0,7,2007,WD,Normal,201000
216,0,0,0,0,0,,MnWw,,0,4,2008,COD,Normal,111250
0,0,0,0,0,0,,,,0,8,2008,WD,Normal,179400
0,57,0,0,0,0,,,,0,9,2007,WD,Normal,90000
197,39,0,0,0,0,,,,0,6,2006,WD,Normal,241500
144,36,0,0,0,0,,,,0,11,2007,WD,Family,259000
0,291,134,0,0,0,,,,0,6,2008,WD,Normal,128000
0,0,0,0,0,0,,,,0,5,2009,WD,Normal,86000
0,0,228,0,0,0,,,,0,3,2006,WD,Family,125000
550,282,0,0,0,0,,,,0,7,2008,WD,Normal,272000
180,0,0,0,0,0,,MnPrv,,0,8,2009,WD,Normal,158000
0,0,0,0,385,0,,,,0,2,2010,WD,Normal,160000
219,0,0,0,0,0,,,,0,9,2007,WD,Normal,207500
42,0,0,0,0,0,,,,0,12,2006,WD,Normal,135960
147,16,0,0,0,0,,MnPrv,,0,10,2009,WD,Normal,137450
0,0,0,0,0,0,,,Shed,500,10,2006,WD,Normal,90000
0,0,0,0,0,0,,,,0,6,2007,WD,Normal,87000
0,43,0,0,0,0,,GdPrv,,0,4,2008,WD,Normal,176000
144,76,0,0,0,0,,,,0,7,2008,WD,Normal,178400
0,60,0,0,0,0,,,,0,10,2009,WD,Normal,143750
0,74,0,0,0,0,,,,0,12,2007,WD,Normal,315000
0,0,216,0,126,0,,,,0,5,2007,WD,Normal,144000
239,42,0,0,0,0,,MnWw,,0,7,2007,WD,Normal,187000
0,39,0,0,0,0,,,,0,10,2008,WD,Normal,142000
0,0,0,0,0,0,,,,0,7,2006,WD,Normal,80500
168,0,0,0,0,0,,GdPrv,,0,11,2009,WD,Normal,152000
0,0,0,0,0,0,,,,0,6,2007,WD,Normal,177000
208,50,0,0,0,0,,,,0,5,2007,WD,Normal,267000
264,75,291,0,0,0,,,,0,5,2007,WD,Normal,430000
212,0,0,0,0,0,,,,0,7,2008,WD,Normal,190000
0,0,0,0,0,0,,GdWo,,0,1,2007,WD,Normal,143000
0,88,0,0,0,0,,MnPrv,,0,7,2006,WD,Normal,153500
220,0,0,0,0,0,,,,0,7,2009,WD,Normal,265000
0,0,0,0,0,0,,,,0,5,2007,WD,Normal,135000
140,39,0,0,0,0,,,,0,4,2008,WD,Normal,208900
0,75,0,0,0,0,,,,0,5,2010,New,Partial,269500
0,0,0,0,0,0,,,Shed,700,3,2010,WD,Normal,149000
0,0,0,0,0,0,,,,0,8,2006,WD,Normal,91500
0,38,0,144,0,0,,,,0,5,2007,WD,Normal,210000
192,0,0,0,0,0,,,,0,1,2010,WD,Abnorml,97500
0,304,0,0,0,0,,,,0,6,2009,WD,Normal,165000
142,20,0,0,0,0,,,,0,4,2006,WD,Normal,213490
0,30,0,0,0,0,,MnPrv,,0,10,2006,WD,Normal,137900
0,44,0,0,0,0,,,,0,5,2010,WD,Normal,155000
314,140,0,0,0,0,,,,0,3,2007,WD,Normal,466500
210,150,0,0,0,0,,,,0,12,2009,New,Partial,244600
0,0,0,0,0,0,,,,0,4,2008,WD,Abnorml,110000
0,0,0,0,0,0,,,,0,5,2009,COD,Abnorml,112000
222,32,0,0,0,0,,,,0,5,2010,WD,Normal,134800
0,0,105,0,0,0,,,,0,1,2009,WD,Normal,119000
0,73,216,0,0,0,,,,0,12,2006,WD,Normal,223000
143,20,0,0,0,0,,,,0,5,2009,WD,Normal,192500
0,0,0,0,0,0,,,,0,10,2009,WD,Normal,153000
92,0,185,0,0,0,,,,0,4,2009,WD,Normal,98000
0,0,0,0,0,0,,,,0,6,2009,WD,Normal,139600
144,70,0,0,0,0,,,,0,6,2008,WD,Normal,187000
268,112,0,0,147,0,,,,0,1,2007,WD,Abnorml,178000
295,41,0,0,0,0,,,,0,5,2006,WD,Normal,160000
0,60,0,0,0,0,,,,0,3,2007,WD,Normal,148800
0,0,0,0,0,0,,,,0,3,2009,WD,Normal,177000
312,0,0,0,0,0,,,,0,10,2006,New,Partial,264561
0,0,0,0,0,0,,,,0,6,2009,WD,Normal,128900
0,24,0,0,0,0,,,,0,6,2008,ConLD,Partial,235128
135,112,0,0,0,0,,,,0,9,2009,New,Partial,229456
0,547,0,0,480,0,,MnPrv,Shed,1150,6,2008,WD,Normal,256000
403,114,185,0,0,0,,,Shed,400,5,2008,WD,Normal,200000
0,0,0,0,0,0,,,,0,6,2008,WD,Normal,162500
150,0,0,0,0,0,,GdPrv,,0,5,2009,WD,Normal,124000
0,74,0,0,0,0,,,,0,8,2009,WD,Abnorml,95000
0,32,112,0,0,0,,,,0,2,2009,WD,Normal,93000
100,48,0,0,0,0,,,,0,9,2006,WD,Normal,195000
184,0,0,0,0,0,,,,0,6,2009,WD,Normal,350000
0,0,0,0,0,0,,,,0,8,2007,WD,Normal,145000
0,66,0,0,0,0,,GdWo,,0,6,2006,WD,Normal,190000
146,91,0,0,0,0,,,,0,6,2006,WD,Normal,200000
224,88,0,0,0,0,,MnPrv,,0,7,2009,WD,Normal,124500
0,128,0,0,0,0,,,,0,5,2007,WD,Normal,102000
148,36,0,0,0,0,,,,0,3,2006,WD,Normal,171750
0,36,0,0,0,0,,,,0,5,2010,WD,Normal,198900
0,0,112,0,0,0,,MnWw,,0,5,2008,WD,Normal,130000
0,0,96,0,0,0,,,,0,6,2010,WD,Normal,58500
0,24,0,0,0,0,,,,0,7,2008,WD,Normal,80000
857,72,0,0,0,0,,,,0,11,2006,WD,Normal,385000
0,102,0,0,0,0,,,,0,1,2008,New,Partial,372402
144,123,0,0,0,0,,,,0,7,2006,WD,Abnorml,258000
0,0,114,0,0,0,,,,0,4,2010,WD,Normal,122500
355,0,0,0,0,0,,GdWo,,0,4,2008,WD,Normal,141000
0,42,0,0,0,0,,,,0,5,2008,WD,Normal,237500
64,0,0,0,160,0,,MnPrv,,0,10,2009,COD,Abnorml,112000
90,0,205,0,0,0,,,,0,4,2008,WD,Abnorml,129900
0,130,0,0,0,0,,,,0,11,2007,WD,Normal,119200
0,36,0,0,0,0,,GdWo,,0,5,2008,WD,Normal,147000
0,0,170,0,0,0,,,,0,4,2010,WD,Normal,213500
144,122,0,0,0,0,,,,0,7,2007,WD,Normal,204000
333,0,0,0,0,0,,MnPrv,,0,10,2007,CWD,Normal,158000
0,28,0,0,0,0,,,,0,4,2006,WD,Abnorml,106500
72,0,0,0,0,0,,,,0,6,2006,WD,Normal,83000
0,49,0,0,0,0,,,,0,6,2007,WD,Normal,157000
0,68,0,0,0,0,,,,0,7,2009,WD,Normal,117000
0,32,0,0,0,0,,,,0,6,2007,WD,Normal,168500
0,0,0,0,0,0,,,,0,10,2006,WD,Normal,140200
220,47,0,0,0,0,,MnPrv,,0,7,2007,WD,Normal,294000
292,12,0,0,0,0,,GdWo,,0,7,2006,WD,Normal,151000
0,0,0,0,0,0,,MnPrv,,0,1,2007,WD,Normal,122000
0,28,0,0,0,0,,,,0,6,2008,WD,Normal,148000
185,140,0,0,0,0,,,,0,4,2008,WD,Normal,274000
261,39,0,0,0,0,,,,0,4,2010,WD,Normal,157900
154,210,0,0,0,0,,,,0,7,2008,WD,Normal,250000
0,55,0,0,200,0,,,,0,10,2008,COD,Abnorml,140000
202,151,0,0,0,0,,,,0,6,2009,WD,Normal,236500
142,0,0,0,0,0,,,,0,5,2006,ConLD,Normal,160000
0,0,0,0,0,0,,,,0,7,2008,WD,Normal,72500
0,0,0,0,288,0,,,Shed,1400,11,2008,WD,Normal,163000
48,0,0,0,0,0,,,,0,11,2009,WD,Normal,105000
168,0,0,0,0,0,,GdPrv,,0,8,2008,WD,Normal,108000
0,0,0,0,0,0,,,,0,10,2006,WD,AdjLand,127500
216,0,160,0,0,0,,MnPrv,,0,1,2006,WD,Family,105000
0,0,0,0,0,0,,MnPrv,,0,3,2009,WD,Normal,167000
0,0,0,0,0,0,,,,0,8,2008,WD,Normal,188700
168,27,0,0,0,0,,GdPrv,,0,6,2009,WD,Normal,173000
0,0,0,0,0,0,,,,0,7,2009,WD,Normal,174500
100,75,0,0,0,0,,,,0,2,2008,WD,Normal,184000
0,0,0,0,0,0,,,,0,9,2007,WD,Alloca,359100
144,29,0,0,0,0,,,,0,6,2009,WD,Normal,204000
0,48,0,0,0,0,,,,0,8,2007,WD,Normal,162000
250,0,0,0,0,0,,,,0,7,2009,WD,Normal,336000
0,16,552,0,0,512,Ex,GdPrv,,0,3,2006,WD,Abnorml,235000
0,188,0,0,0,0,,,,0,3,2006,WD,Normal,118500
288,117,0,0,0,0,,,,0,3,2008,WD,Normal,192000
0,250,0,0,0,0,,,,0,3,2006,WD,Normal,235000
0,28,0,0,0,0,,,,0,6,2006,WD,Normal,176500
120,30,0,0,224,0,,,,0,12,2008,WD,Normal,245500
0,0,0,0,130,0,,,,0,6,2008,WD,Normal,136000
192,23,0,0,0,0,,,,0,5,2006,WD,Normal,200000
0,0,126,0,0,0,,,,0,5,2006,COD,Normal,112000
290,0,0,0,0,0,,,,0,2,2010,WD,Normal,128000
0,60,112,0,0,0,,,,0,4,2006,WD,Normal,137000
0,112,0,0,440,519,Fa,MnPrv,TenC,2000,7,2006,WD,Normal,250000
253,170,0,0,0,0,,,,0,6,2006,WD,Normal,274300
0,0,96,0,0,0,,,,0,6,2008,WD,Normal,120500
216,231,0,0,0,0,,,,0,6,2007,WD,Normal,240000
212,59,0,0,0,0,,,,0,10,2009,WD,Normal,278000
0,418,0,0,312,0,,,,0,7,2006,WD,Abnorml,170000
108,0,0,0,0,0,,,,0,3,2006,New,Partial,167240
0,235,0,0,0,0,,,,0,5,2007,WD,Normal,226000
298,0,0,0,0,0,,,,0,5,2007,WD,Normal,181500
120,184,0,0,168,0,,,,0,10,2007,New,Partial,383970
416,144,0,0,0,0,,MnPrv,,0,4,2010,WD,Normal,138500
0,25,212,0,0,0,,,,0,4,2008,WD,Normal,163000
421,0,0,0,0,0,,MnPrv,,0,7,2006,WD,Abnorml,119900
128,0,0,0,0,0,,,,0,4,2010,WD,Normal,139000
198,150,0,0,0,0,,,,0,8,2006,WD,Normal,275000
0,0,0,0,0,0,,,,0,9,2008,WD,Normal,118000
0,0,96,0,0,0,,,,0,4,2008,WD,Abnorml,119000
262,36,0,0,0,0,,,,0,8,2008,WD,Normal,301500
0,0,180,0,0,0,,MnPrv,,0,4,2008,WD,Normal,137500
0,0,0,0,0,0,,,,0,5,2008,WD,Normal,186500
0,96,0,0,0,0,,,,0,7,2009,WD,Normal,99900
192,20,123,0,0,0,,MnPrv,,0,12,2008,WD,Normal,155000
208,46,0,0,0,0,,,,0,12,2007,WD,Normal,270000
0,124,216,0,0,0,,,,0,6,2010,WD,Normal,155000
0,0,0,0,0,0,,MnPrv,,0,12,2008,WD,Abnorml,109900
0,0,0,0,288,0,,,,0,9,2009,WD,Normal,150500
28,0,0,0,0,0,,,,0,4,2010,WD,Normal,99500
0,0,189,0,0,0,,,,0,3,2010,WD,Normal,153000
192,0,0,0,0,0,,,,0,4,2009,WD,Family,82500
0,0,259,0,0,0,,,,0,4,2008,WD,Normal,129500
586,236,0,0,0,738,Gd,GdPrv,,0,8,2006,WD,Alloca,274970
178,128,0,0,0,0,,,,0,7,2008,WD,Normal,165400
402,25,0,0,0,0,,,,0,8,2007,WD,Normal,215000
0,50,0,0,204,0,,MnPrv,,0,4,2010,WD,Normal,171000
0,312,40,0,0,0,,,,0,3,2007,WD,Normal,143250
96,0,112,0,53,0,,,,0,8,2007,WD,Normal,165000
268,0,0,0,122,0,,MnWw,,0,5,2006,WD,Normal,141000
0,0,56,0,0,0,,,,0,7,2009,WD,Abnorml,159434
160,68,240,0,0,0,,,,0,5,2006,WD,Abnorml,164500
125,185,0,0,0,0,,,,0,3,2009,WD,Normal,280000
0,0,264,0,0,0,,MnPrv,,0,1,2007,WD,Normal,122000
229,0,0,0,0,0,,,,0,6,2006,WD,Normal,120000
239,60,0,0,0,0,,,,0,8,2007,WD,Normal,315750
0,0,19,0,0,0,,,,0,3,2007,WD,Normal,220000
270,68,0,0,0,0,,,,0,3,2009,WD,Normal,315000
379,36,0,0,0,0,,MnPrv,,0,3,2010,WD,Normal,158000
240,56,154,0,0,0,,,,0,3,2010,WD,Normal,260400
0,84,0,0,120,0,,,,0,3,2008,WD,Normal,171000
0,132,0,0,0,0,,,,0,3,2007,WD,Normal,132500
232,63,0,0,0,0,,,Shed,480,4,2009,WD,Normal,185000
252,64,0,0,0,0,,,,0,6,2008,WD,Normal,176000
72,36,0,0,144,0,,,,0,7,2008,WD,Normal,185000
144,68,0,0,0,0,,,,0,8,2008,COD,Abnorml,181000
120,55,0,0,0,0,,GdPrv,,0,12,2007,WD,Normal,179000
0,0,0,0,0,0,,GdPrv,,0,7,2009,WD,Normal,132500
243,0,0,0,0,0,,,,0,7,2009,WD,Normal,172500
0,0,0,0,0,0,,,,0,5,2009,WD,Normal,97000
0,30,0,0,0,0,,,,0,3,2007,WD,Normal,143900
0,0,0,0,0,0,,MnPrv,Shed,1200,7,2007,WD,Normal,106500
143,46,0,0,0,0,,,Shed,500,10,2008,WD,Normal,194500
0,0,0,0,0,0,,,,0,8,2009,WD,Normal,109500
0,168,0,0,0,0,,,,0,7,2007,WD,Normal,169500
228,66,156,0,0,0,,MnPrv,Shed,500,3,2010,WD,Normal,196500
0,78,0,0,0,0,,,,0,7,2008,WD,Normal,155000
0,56,0,0,0,0,,,,0,6,2007,New,Partial,248328
0,0,0,0,0,0,,,,0,4,2007,WD,Normal,105000
269,111,0,0,0,0,,MnPrv,,0,7,2009,WD,Normal,345000
160,122,0,0,0,0,,,,0,11,2009,WD,Normal,261500
117,0,0,0,0,0,,,,0,2,2010,WD,Normal,116500
96,0,0,0,0,0,,,Shed,500,11,2009,WD,Normal,120500
257,45,0,0,0,0,,,,0,7,2007,WD,Normal,285000
0,0,77,0,0,0,,,Shed,400,5,2010,COD,Abnorml,83000
0,0,0,0,0,0,,GdWo,,0,6,2006,WD,Family,118000
0,0,0,0,0,0,,,,0,3,2008,WD,Normal,115000
0,0,184,0,0,0,,GdPrv,Shed,400,4,2007,WD,Normal,140000
0,0,0,0,0,0,,,,0,5,2009,WD,Normal,154000
192,36,0,0,0,0,,,,0,6,2006,WD,Normal,185850
0,0,0,0,0,0,,,,0,11,2006,WD,Normal,222000
0,0,0,0,0,0,,,,0,5,2006,WD,Normal,135000
132,64,0,0,0,0,,,,0,3,2010,WD,Normal,140000
0,96,180,0,0,0,,MnPrv,,0,7,2006,WD,Normal,180000
0,20,0,0,0,0,,,,0,10,2007,New,Partial,200141
0,138,0,0,0,0,,GdWo,,0,12,2006,WD,Abnorml,160000
63,0,0,0,0,0,,,,0,8,2009,COD,Abnorml,187500
0,0,120,0,0,0,,,,0,4,2010,WD,Normal,148000
113,0,0,0,0,0,,,,0,6,2010,New,Partial,394432
0,0,0,0,0,0,,MnPrv,,0,2,2010,WD,Normal,122000
0,0,0,0,0,0,,,,0,4,2007,WD,AdjLand,126000
125,192,0,0,0,0,,,,0,6,2009,WD,Normal,215000
0,0,0,0,0,0,,,,0,6,2008,WD,Normal,138000
0,0,0,0,0,0,,,,0,5,2007,WD,Normal,129000
120,96,0,0,0,0,,,,0,5,2010,WD,Normal,83500
0,0,0,0,287,0,,,,0,6,2008,WD,Normal,155000
0,0,280,0,0,0,,,,0,7,2006,WD,Abnorml,230000
220,114,210,0,0,0,,,,0,8,2008,WD,Normal,106250
576,36,0,0,0,0,,GdPrv,,0,2,2009,WD,Normal,219500
0,213,176,0,0,0,,GdWo,,0,5,2008,WD,Normal,157000
0,0,0,0,0,0,,GdPrv,,0,4,2006,WD,Normal,250000
0,58,0,0,0,0,,MnPrv,,0,11,2009,WD,Normal,154000
0,0,0,0,0,0,,,,0,5,2006,New,Partial,172785
100,63,0,0,0,0,,,,0,6,2009,WD,Normal,179000
0,0,0,140,0,0,,MnPrv,,0,8,2009,WD,Normal,135000
0,128,0,0,180,0,,,,0,7,2009,WD,Normal,337000
139,98,0,0,0,0,,,,0,4,2008,WD,Normal,210000
120,0,0,0,0,0,,,,0,5,2007,WD,Normal,146800
436,21,0,0,0,0,,,Shed,500,4,2006,WD,Normal,170000
192,0,0,0,0,0,,MnPrv,Shed,400,6,2010,WD,Normal,148000
192,74,0,0,0,0,,,,0,12,2008,WD,Normal,214000
0,0,0,0,0,0,,,,0,5,2006,WD,Normal,128500
120,0,0,0,0,0,,GdPrv,,0,3,2006,WD,Normal,142500
115,66,0,0,0,0,,,,0,6,2009,WD,Normal,203000
0,0,0,0,0,0,,,,0,7,2007,WD,Normal,137000
0,0,0,0,0,0,,,,0,9,2007,WD,Normal,175500
0,60,0,0,0,0,,GdPrv,Shed,2500,5,2010,WD,Normal,266500
0,34,0,0,0,0,,,,0,5,2010,WD,Normal,224900
370,30,0,0,0,0,,GdPrv,,0,5,2007,WD,Normal,148000
0,57,0,0,63,0,,MnPrv,,0,8,2006,WD,Abnorml,121600
238,83,0,0,0,0,,MnPrv,,0,2,2008,WD,Normal,171500
400,0,0,0,0,0,,,,0,3,2008,WD,Normal,412500
0,23,112,0,0,0,,,,0,1,2009,WD,Normal,103000
0,0,0,0,0,0,,,,0,7,2006,New,Partial,164990
324,100,0,0,0,0,,,,0,7,2006,New,Partial,361919
49,0,0,0,0,0,,,,0,8,2007,WD,Normal,140000
0,66,136,0,0,0,,,,0,5,2010,WD,Normal,128000
105,54,0,0,0,0,,,,0,7,2006,New,Partial,194000
96,0,0,0,0,0,,MnPrv,,0,3,2007,WD,Normal,112500
0,0,0,0,0,0,,,,0,4,2007,WD,Normal,106000
0,34,0,508,0,0,,,,0,5,2009,WD,Normal,180500
203,47,0,0,0,0,,,,0,8,2007,WD,Normal,277500
0,247,0,0,0,0,,,,0,6,2009,WD,Normal,162000
0,0,116,0,0,0,,,,0,10,2008,WD,Normal,161000
149,0,0,0,0,0,,,,0,5,2008,WD,Normal,149300
219,36,0,0,0,0,,,,0,9,2006,WD,Normal,235000
0,0,0,0,0,0,,GdWo,,0,12,2006,WD,Abnorml,98600
0,36,0,0,0,0,,,,0,3,2007,New,Partial,156932
154,0,0,0,0,0,,,,0,6,2009,WD,Alloca,142953
0,40,0,0,0,0,,,,0,7,2006,WD,Normal,268000
0,262,0,0,0,0,,,,0,5,2010,WD,Normal,232000
144,59,0,0,0,0,,,,0,7,2006,New,Partial,221500
58,42,0,0,0,0,,,,0,8,2007,WD,Normal,110500
160,33,0,0,0,0,,,,0,8,2007,New,Partial,279500
100,51,0,0,0,0,,,,0,7,2009,WD,Normal,188500
179,60,0,0,0,0,,,,0,6,2006,WD,Normal,275000
296,0,0,0,0,0,,GdWo,,0,10,2009,WD,Abnorml,125000
0,44,0,0,0,0,,,,0,6,2006,New,Partial,140000
476,0,0,0,142,0,,GdWo,,0,11,2009,COD,Normal,190000
0,0,254,0,0,0,,,,0,3,2008,WD,Normal,140000
240,154,0,0,0,0,,,,0,11,2006,New,Partial,325300
0,27,0,0,0,0,,,,0,7,2008,WD,Normal,98300
60,84,0,0,273,0,,GdPrv,,0,5,2008,WD,Normal,201800
0,166,0,0,0,0,,,,0,6,2006,WD,Normal,151000
144,76,0,0,0,0,,,,0,5,2010,WD,Normal,378500
144,0,0,0,0,0,,,,0,7,2008,WD,Normal,108000
140,0,0,0,0,0,,,,0,3,2008,WD,Normal,136500
144,105,0,0,0,0,,,,0,8,2007,New,Partial,227875
0,0,0,0,0,0,,,,0,4,2007,WD,Normal,132000
0,120,0,0,224,0,,,,0,8,2008,WD,Normal,286000
153,50,0,0,0,0,,,,0,4,2006,WD,Normal,165000
156,158,0,0,0,0,,,,0,7,2008,WD,Normal,196000
324,42,0,0,168,0,,,Shed,2000,6,2009,WD,Normal,164900
192,39,0,0,0,0,,,,0,9,2007,WD,Normal,192000
96,48,0,0,0,0,,,,0,8,2007,WD,Normal,251000
0,0,34,0,0,0,,MnPrv,,0,10,2008,WD,Normal,147000
181,0,386,0,0,0,,,,0,5,2009,WD,Normal,265979
138,45,0,0,0,0,,,,0,12,2008,WD,Normal,173000
0,0,205,0,0,0,,GdPrv,,0,6,2007,WD,Normal,139400
0,20,0,0,0,0,,,,0,3,2006,WD,Normal,52500
0,0,248,0,0,0,,,,0,7,2009,WD,Normal,110000
0,263,0,0,263,0,,,,0,5,2007,WD,Normal,186700
100,150,0,0,0,0,,,,0,4,2010,WD,Normal,201000
0,0,0,0,0,0,,,,0,8,2007,WD,Normal,145000
0,0,0,0,0,0,,MnPrv,,0,5,2007,WD,Normal,125000
146,20,0,0,144,0,,,,0,4,2010,WD,Normal,192000
0,60,0,0,0,0,,,,0,7,2008,New,Partial,227680
0,66,0,304,0,0,,,,0,11,2008,New,Partial,394617
495,72,0,0,0,0,,,,0,7,2008,WD,Normal,266000
503,36,0,0,210,0,,,,0,6,2010,WD,Normal,538000
0,0,0,0,0,0,,,,0,5,2009,WD,Normal,100000
105,66,0,0,0,0,,GdPrv,,0,5,2006,WD,Normal,226000
0,77,0,0,0,0,,,,0,6,2010,WD,Normal,200500
0,200,0,0,0,0,,,,0,6,2009,WD,Normal,118000
0,0,50,0,0,0,,,,0,6,2010,WD,Normal,160000
0,234,0,0,0,0,,,,0,6,2009,New,Partial,164500
155,0,0,0,0,0,,,,0,11,2007,WD,Normal,119000
0,0,0,0,0,0,,,,0,3,2006,WD,Abnorml,142500
0,0,0,0,176,0,,GdWo,,0,4,2007,WD,Normal,167000
0,0,140,0,0,0,,MnPrv,,0,6,2007,WD,Normal,100000
474,120,0,0,0,0,,MnPrv,,0,7,2009,WD,Normal,278000
0,22,0,0,0,0,,,,0,3,2007,WD,Normal,176432
431,44,0,0,0,0,,MnPrv,,0,12,2009,WD,Normal,135000
0,0,0,0,0,0,,,,0,4,2006,WD,Normal,115000
0,240,0,0,0,0,,GdPrv,,0,6,2007,WD,Normal,189950
143,20,0,0,0,0,,,,0,6,2009,WD,Normal,174000
